bid,mode,keep_rate,estimator,n_models,n_dropped,mean_bias,lo95,hi95,ci_lo,ci_hi
ai2d_test,features_only,0.5,naive,254,0,-0.00025513652,-0.0023175305337645113,0.0019809133023954927,-0.0003243843438934761,-0.00018588869172220653
ai2d_test,features_only,0.5,irt,254,0,-0.04748551,-0.04993503084406257,-0.04502328978851437,-0.04756617924638806,-0.047404844253577605
ai2d_test,features_only,0.5,ipw,254,0,-0.011151577,-0.013021864136680961,-0.009423808031715454,-0.011208807506705401,-0.011094347185348394
ai2d_test,features_only,0.5,dr,254,0,-0.0002451032,-0.002046686870744452,0.0017411807319149375,-0.00030596648726096917,-0.00018423992291608285
ai2d_test,features_only,0.6,naive,254,0,-0.00028042353,-0.0018047249555820598,0.0013306161446962506,-0.0003310346344519513,-0.00022981241838670208
ai2d_test,features_only,0.6,irt,254,0,-0.04870395,-0.050871380418539044,-0.04652808988466859,-0.04877421662481388,-0.048633683172148855
ai2d_test,features_only,0.6,ipw,254,0,-0.00085630204,-0.0024585704901255666,0.0007318736781598996,-0.0009066735233056552,-0.0008059305532959097
ai2d_test,features_only,0.6,dr,254,0,0.00014721573,-0.001234208230744116,0.0016936401982093226,0.00010227689062147192,0.0001921545713311548
ai2d_test,features_only,0.7,naive,254,0,-0.00020431164,-0.001322830215212889,0.0009294676099671042,-0.0002408090712327569,-0.00016781420900374063
ai2d_test,features_only,0.7,irt,254,0,-0.052118402,-0.05409597773104906,-0.05011904258280993,-0.052182345948878245,-0.052054458000001
ai2d_test,features_only,0.7,ipw,254,0,0.0048822616,0.003601804649224505,0.006149596616160124,0.004843247267696777,0.004921275977697453
ai2d_test,features_only,0.7,dr,254,0,0.00054163346,-0.0004608280665706843,0.0015900750411674378,0.0005079625812158716,0.0005753043401255476
ai2d_test,features_only,0.8,naive,254,0,-0.00017811358,-0.0009447337011806667,0.0006250230173463931,-0.00020372462886465026,-0.0001525025306354718
ai2d_test,features_only,0.8,irt,254,0,-0.054067142,-0.05585213303565979,-0.05239431401714682,-0.05412113975287697,-0.054013144862639695
ai2d_test,features_only,0.8,ipw,254,0,0.008076471,0.007296172075439244,0.008865422662347555,0.00805099242979177,0.008101950123370805
ai2d_test,features_only,0.8,dr,254,0,0.00067877845,-3.9907164409669346e-05,0.001402463621343486,0.0006557656123476935,0.0007017912904557871
ai2d_test,features_only,0.9,naive,254,0,-0.00014481605,-0.0006310422308160923,0.0003140258588246069,-0.0001598230586883219,-0.00012980903610283713
ai2d_test,features_only,0.9,irt,254,0,-0.05544107,-0.05689987735822797,-0.053920353297144175,-0.05548937284355228,-0.05539276785249646
ai2d_test,features_only,0.9,ipw,254,0,0.011386065,0.010910845105536282,0.011855019978247583,0.011370927718475261,0.011401201906606755
ai2d_test,features_only,0.9,dr,254,0,0.00088925264,0.0004883200475887861,0.0013099760806653648,0.0008757520929212991,0.0009027531839673099
ai2d_test,features_and_score,0.5,naive,254,0,0.0736872,0.07161733489483595,0.07577623780816793,0.0736215284079737,0.07375287804897362
ai2d_test,features_and_score,0.5,irt,254,0,0.022752296,0.020514007238671184,0.025065506948158144,0.02268009409110914,0.02282449826795687
ai2d_test,features_and_score,0.5,ipw,254,0,0.06353933,0.06153951399028301,0.06548475567251444,0.06347991474299533,0.06359875254006284
ai2d_test,features_and_score,0.5,dr,254,0,0.07413541,0.07206921316683293,0.07613895758986473,0.0740724004312991,0.07419841517958652
ai2d_test,features_and_score,0.6,naive,254,0,0.0611755,0.059724395070225,0.06252795848995447,0.06112940231737333,0.06122159590545458
ai2d_test,features_and_score,0.6,irt,254,0,0.0038380045,0.0021830104757100343,0.005640819924883545,0.003783591169184114,0.00389241791957054
ai2d_test,features_and_score,0.6,ipw,254,0,0.062089734,0.060464068036526444,0.06369156148284674,0.06203915179314124,0.06214031576571954
ai2d_test,features_and_score,0.6,dr,254,0,0.06138823,0.0600113213993609,0.0627648314461112,0.061344135747140247,0.061432327880675
ai2d_test,features_and_score,0.7,naive,254,0,0.04786453,0.04676978457719087,0.04894312657415867,0.047830481599583245,0.04789857887147465
ai2d_test,features_and_score,0.7,irt,254,0,-0.012444319,-0.0137917933287099,-0.011207755142822863,-0.012486543833862376,-0.012402094573129583
ai2d_test,features_and_score,0.7,ipw,254,0,0.05424861,0.05296206027269364,0.05539274541661143,0.05421099835722148,0.05428621894033254
ai2d_test,features_and_score,0.7,dr,254,0,0.048115633,0.04701234819367528,0.04919659961014986,0.04808191434551822,0.04814935251067532
ai2d_test,features_and_score,0.8,naive,254,0,0.033403344,0.032599891722202304,0.034238698054105045,0.03337739136889449,0.03342929753586778
ai2d_test,features_and_score,0.8,irt,254,0,-0.025167173,-0.02667929562740028,-0.023802236933261157,-0.025212809151495492,-0.025121536397849524
ai2d_test,features_and_score,0.8,ipw,254,0,0.042152215,0.041330183111131194,0.04296900723129511,0.0421267297576656,0.04217769983303646
ai2d_test,features_and_score,0.8,dr,254,0,0.03368431,0.032953648455441,0.034435135405510665,0.03366015690096081,0.03370846224300205
ai2d_test,features_and_score,0.9,naive,254,0,0.017637333,0.017136015836149453,0.01812500935047865,0.017621672470946592,0.017652993331770617
ai2d_test,features_and_score,0.9,irt,254,0,-0.03765131,-0.039118538983166216,-0.036125714611262086,-0.037700023025524235,-0.03760260018681326
ai2d_test,features_and_score,0.9,ipw,254,0,0.029540328,0.02905021598562598,0.030006052227690816,0.0295253261130891,0.029555330504790766
ai2d_test,features_and_score,0.9,dr,254,0,0.018306512,0.017839466920122504,0.01876109545119107,0.018292102715497197,0.018320922055716334
mmbench_v11,features_only,0.5,naive,251,0,0.010563381,0.008806757838465273,0.012304083653725683,0.010505993932960178,0.010620768099548672
mmbench_v11,features_only,0.5,irt,251,0,-0.041543055,-0.04362758798524737,-0.03960265135392547,-0.041607664987452185,-0.04147844566404089
mmbench_v11,features_only,0.5,ipw,251,0,-0.0009970011,-0.0036024548462592065,0.0016850343701662496,-0.0010797097389276835,-0.0009142924058560518
mmbench_v11,features_only,0.5,dr,251,0,4.0322575e-05,-0.001960550271905959,0.0017026261193677783,-1.8537948804592574e-05,9.918309866931461e-05
mmbench_v11,features_only,0.6,naive,251,0,0.0079733115,0.006595496495719999,0.00934087480418384,0.007930265653770226,0.008016357284147483
mmbench_v11,features_only,0.6,irt,251,0,-0.045117524,-0.046660770755261184,-0.04357262467965484,-0.04516733316434698,-0.045067713878022865
mmbench_v11,features_only,0.6,ipw,251,0,0.0037842912,0.001826614124001935,0.005736302898731083,0.0037219688496009998,0.0038466135771556206
mmbench_v11,features_only,0.6,dr,251,0,0.0003359736,-0.0011657825496513396,0.0016711143282009283,0.0002920735423508435,0.0003798736579660923
mmbench_v11,features_only,0.7,naive,251,0,0.005618191,0.004601722408551723,0.0065970152267254886,0.005586997549626733,0.005649384167399501
mmbench_v11,features_only,0.7,irt,251,0,-0.048612602,-0.049740841053426264,-0.047502499725669625,-0.04864817683344691,-0.04857702727669866
mmbench_v11,features_only,0.7,ipw,251,0,0.0067056743,0.0053411585744470354,0.008137746993452311,0.006661867069071713,0.006749481616550502
mmbench_v11,features_only,0.7,dr,251,0,0.00064492284,-0.0003018487608642317,0.0016161987121449783,0.0006140794451579519,0.0006757662319347195
mmbench_v11,features_only,0.8,naive,251,0,0.0034659675,0.002811593748629093,0.004180704557802528,0.0034437824787254207,0.0034881524926369317
mmbench_v11,features_only,0.8,irt,251,0,-0.05243466,-0.05330324545502663,-0.05154753588140011,-0.05246274996543916,-0.05240657102321593
mmbench_v11,features_only,0.8,ipw,251,0,0.0087104095,0.00773863421054557,0.009676341922022403,0.008678996630948616,0.008741822398263382
mmbench_v11,features_only,0.8,dr,251,0,0.0006994464,-4.6678911166964093e-05,0.0014114321209490299,0.0006768300005035297,0.0007220628398670061
mmbench_v11,features_only,0.9,naive,251,0,0.0015923636,0.0011683705728501082,0.002026878879405558,0.0015782786713960776,0.0016064484888640037
mmbench_v11,features_only,0.9,irt,251,0,-0.056225244,-0.05681528523564339,-0.055571405403316024,-0.0562443517375862,-0.056206136174115004
mmbench_v11,features_only,0.9,ipw,251,0,0.012403332,0.011793783120810985,0.012976858811452986,0.012383899917816632,0.012422763476157672
mmbench_v11,features_only,0.9,dr,251,0,0.0009108804,0.0004607961731380783,0.0013293812982738016,0.0008970302083203664,0.000924730578376902
mmbench_v11,features_and_score,0.5,naive,251,0,0.06603701,0.06437167897820473,0.06752534192055464,0.06598856795570482,0.06608544539668929
mmbench_v11,features_and_score,0.5,irt,251,0,0.026752695,0.02463583378121257,0.02888508755713701,0.026683888590222988,0.026821502292269078
mmbench_v11,features_and_score,0.5,ipw,251,0,0.06090721,0.05828848043456673,0.063537791185081,0.06082363315794154,0.060990789151457114
mmbench_v11,features_and_score,0.5,dr,251,0,0.06135112,0.059611406084150075,0.0629118774086237,0.06130099573167217,0.06140124521223652
mmbench_v11,features_and_score,0.6,naive,251,0,0.055723663,0.05453009232878685,0.05693815955892205,0.055684884664873265,0.05576244217409692
mmbench_v11,features_and_score,0.6,irt,251,0,0.017834838,0.01613156315870583,0.019453397719189525,0.017781389599968108,0.01788828735954651
mmbench_v11,features_and_score,0.6,ipw,251,0,0.056448825,0.05452383756637573,0.05840725637972355,0.05638762269725787,0.05651002671012891
mmbench_v11,features_and_score,0.6,dr,251,0,0.051968474,0.05070984223857522,0.05304981749504804,0.0519308481867234,0.05200609969545204
mmbench_v11,features_and_score,0.7,naive,251,0,0.044390954,0.04342220686376095,0.0453423272818327,0.04436067300913649,0.044421235145351116
mmbench_v11,features_and_score,0.7,irt,251,0,0.0063251066,0.004927823320031166,0.007848734967410564,0.006277814276130447,0.006372398928193798
mmbench_v11,features_and_score,0.7,ipw,251,0,0.04901837,0.0476837070658803,0.05034418012946844,0.048975839616058656,0.04906090408444565
mmbench_v11,features_and_score,0.7,dr,251,0,0.04159881,0.04070149660110474,0.04251713510602713,0.04157009124690193,0.0416275322443853
mmbench_v11,features_and_score,0.8,naive,251,0,0.03179358,0.03105849530547857,0.03256409075111151,0.03177079204306715,0.031816366875313584
mmbench_v11,features_and_score,0.8,irt,251,0,-0.009534381,-0.010711933160200715,-0.008391026477329432,-0.0095702480762338,-0.00949851458379275
mmbench_v11,features_and_score,0.8,ipw,251,0,0.039102726,0.038194062374532226,0.04007005905732512,0.03907273821869181,0.03913271315059377
mmbench_v11,features_and_score,0.8,dr,251,0,0.029920608,0.029201915161684154,0.0305881142616272,0.02989899118098662,0.02994222442951753
mmbench_v11,features_and_score,0.9,naive,251,0,0.017521715,0.017008348647505046,0.01803654511459172,0.017506141324210037,0.017537288259101044
mmbench_v11,features_and_score,0.9,irt,251,0,-0.031329576,-0.032335239555686714,-0.030368141131475568,-0.03136020849707996,-0.03129894335505093
mmbench_v11,features_and_score,0.9,ipw,251,0,0.029153252,0.02858296954073012,0.029703507805243133,0.029135285176484053,0.029171218864472444
mmbench_v11,features_and_score,0.9,dr,251,0,0.016912932,0.016464047925546767,0.017400324530899524,0.01689783066531409,0.016928032487428295
bfcl,features_only,0.5,naive,93,0,0.021211907,0.016864251578226686,0.025294803781434894,0.02107820446559107,0.021345610069549922
bfcl,features_only,0.5,irt,93,0,0.039402176,0.03511466411873698,0.04319017520174384,0.03927462108732957,0.03952973030207854
bfcl,features_only,0.5,ipw,93,0,-0.07878044,-0.08145636487752199,-0.07613963782787322,-0.07886677819246211,-0.07869410676008305
bfcl,features_only,0.5,dr,93,0,0.004710562,0.0013909309374867008,0.008019981929101049,0.0046041804696906235,0.004816943653346238
bfcl,features_only,0.6,naive,93,0,0.01739301,0.014614547835662961,0.0202341222204268,0.017304753566068663,0.017481265908199296
bfcl,features_only,0.6,irt,93,0,0.046552557,0.04363283989951015,0.049443410336971284,0.046457474493463304,0.046647640502969955
bfcl,features_only,0.6,ipw,93,0,-0.047919933,-0.05074878670275211,-0.045187704637646674,-0.04800944510575904,-0.047830420399936305
bfcl,features_only,0.6,dr,93,0,0.0044560707,0.0020703651418443767,0.006817190349102021,0.004378332193042267,0.004533809241806042
bfcl,features_only,0.7,naive,93,0,0.012926799,0.011228203121572734,0.014745925925672055,0.012870796523416331,0.012982801966941068
bfcl,features_only,0.7,irt,93,0,0.050294016,0.04701948100700974,0.0531137278303504,0.05019652610440012,0.05039150500874762
bfcl,features_only,0.7,ipw,93,0,-0.017034909,-0.019457894191145898,-0.014594855811446905,-0.017113063398673106,-0.016956754114554357
bfcl,features_only,0.7,dr,93,0,0.0017861181,0.0001628943802643335,0.00351918590022251,0.0017300275303278711,0.001842208750560448
bfcl,features_only,0.8,naive,93,0,0.008160435,0.007086096098646522,0.00921370037831366,0.008126767359119375,0.008194101967472117
bfcl,features_only,0.8,irt,93,0,0.053249884,0.05105691235512495,0.05500919362530112,0.053189487621715624,0.05331028117186729
bfcl,features_only,0.8,ipw,93,0,0.00605843,0.004142568330280483,0.007943192357197404,0.005999272817801982,0.006117586849201172
bfcl,features_only,0.8,dr,93,0,-0.00035914898,-0.0016839069168781862,0.0009340366334072314,-0.0004007451193344862,-0.0003175528413678437
bfcl,features_only,0.9,naive,93,0,0.0038968418,0.003319634520448744,0.004421539418399334,0.003879625817793954,0.003914057740908515
bfcl,features_only,0.9,irt,93,0,0.055015452,0.0539125207811594,0.056097801122814414,0.0549813167244744,0.05504958768779519
bfcl,features_only,0.9,ipw,93,0,0.020825535,0.019903423776850105,0.02173477760516107,0.020796025349079737,0.020855044768870703
bfcl,features_only,0.9,dr,93,0,-0.0016323111,-0.002364678808953613,-0.00092693973419955,-0.001655353540492422,-0.0016092687566455538
bfcl,features_and_score,0.5,naive,93,0,-0.023259126,-0.03186358651146293,-0.015446654870174825,-0.023519469880489356,-0.022998781419368737
bfcl,features_and_score,0.5,irt,93,0,-0.023194714,-0.031137144844979047,-0.015624417341314256,-0.023439029677806877,-0.022950397358240105
bfcl,features_and_score,0.5,ipw,93,0,-0.1542073,-0.15615534484386445,-0.15230184383690357,-0.15426763151453396,-0.1541469767255936
bfcl,features_and_score,0.5,dr,93,0,-0.05817291,-0.06432311236858368,-0.05173709457740188,-0.058379450516453865,-0.057966372294672844
bfcl,features_and_score,0.6,naive,93,0,-0.019496772,-0.024668878177180886,-0.014491374674253167,-0.01966190397997789,-0.01933164089659758
bfcl,features_and_score,0.6,irt,93,0,-0.006450593,-0.012422193842940032,-0.0008279573536128739,-0.0066350489457090355,-0.006266137066022589
bfcl,features_and_score,0.6,ipw,93,0,-0.12224599,-0.12440904639661313,-0.12024609092622995,-0.12231072974232753,-0.12218124973746221
bfcl,features_and_score,0.6,dr,93,0,-0.047421798,-0.05135751962661743,-0.043233844079077245,-0.04755358840137342,-0.04729000781864306
bfcl,features_and_score,0.7,naive,93,0,-0.015169035,-0.01825940953567624,-0.012242824584245682,-0.015266587393585301,-0.015071482030447864
bfcl,features_and_score,0.7,irt,93,0,0.019816231,0.01706170728430152,0.022576938616111875,0.019728256562180215,0.01990420540290386
bfcl,features_and_score,0.7,ipw,93,0,-0.080232576,-0.08229937888681889,-0.07811532355844975,-0.0803011595722684,-0.08016399149928007
bfcl,features_and_score,0.7,dr,93,0,-0.03308301,-0.03562880354002118,-0.030652785720303655,-0.03316252523525328,-0.033003495694560105
bfcl,features_and_score,0.8,naive,93,0,-0.009911277,-0.01133132299873978,-0.008411954320035876,-0.00995693854036569,-0.009865616122457987
bfcl,features_and_score,0.8,irt,93,0,0.033838235,0.0320973907597363,0.03555945809930563,0.03378231149412938,0.03389415818951778
bfcl,features_and_score,0.8,ipw,93,0,-0.027187191,-0.02912253444083035,-0.025383287528529763,-0.02724772611460591,-0.027126655785227768
bfcl,features_and_score,0.8,dr,93,0,-0.024943026,-0.026488071633502842,-0.023446486983448266,-0.024991831912665605,-0.0248942196527431
bfcl,features_and_score,0.9,naive,93,0,-0.004603141,-0.005158096901141107,-0.004043923469725996,-0.0046215707776991735,-0.004584711197212516
bfcl,features_and_score,0.9,irt,93,0,0.045232005,0.04413891304284334,0.04647852405905724,0.04519436290859999,0.04526964792609392
bfcl,features_and_score,0.9,ipw,93,0,0.0088466145,0.007904162956401705,0.009780676756054162,0.008817206487916245,0.008876022531725631
bfcl,features_and_score,0.9,dr,93,0,-0.015303043,-0.016093665827065708,-0.014528179285116493,-0.015328774876695822,-0.015277310557860186
matharena,features_only,0.5,naive,85,3,-0.012278977,-0.02251156521961093,-0.0024165900715161118,-0.012599930586720428,-0.011958023113702813
matharena,features_only,0.5,irt,85,3,-0.0025091406,-0.008674785867333413,0.003506712196394801,-0.002707224273792049,-0.0023110570109276564
matharena,features_only,0.5,ipw,85,3,-0.0007774424,-0.015278732986189425,0.014416368491947652,-0.0012528469120679248,-0.00030203791935315237
matharena,features_only,0.5,dr,85,3,-0.0012274027,-0.007829339848831296,0.005195352330338209,-0.0014381961645107228,-0.0010166092562009137
matharena,features_only,0.6,naive,85,3,-0.010628229,-0.019379233289510012,-0.002818581514293329,-0.01088875310557951,-0.010367704908670292
matharena,features_only,0.6,irt,85,3,-0.0011943884,-0.006335142650641501,0.003710929653607307,-0.0013516882291503517,-0.0010370885164968403
matharena,features_only,0.6,ipw,85,3,-0.0001657008,-0.011492415191605687,0.011709258425980806,-0.0005341339708534365,0.00020273237873290827
matharena,features_only,0.6,dr,85,3,-0.00063965336,-0.006135299883317203,0.004518191819079219,-0.0008054463434567967,-0.00047386037096620415
matharena,features_only,0.7,naive,85,3,-0.008382124,-0.014984788629226387,-0.0016920973808737475,-0.008585838514244557,-0.008178409275734424
matharena,features_only,0.7,irt,85,3,-0.0002461907,-0.004260065010748803,0.0036355236021336167,-0.0003714871732999716,-0.00012089422433477306
matharena,features_only,0.7,ipw,85,3,0.00033785595,-0.007991137402132153,0.008785284613259135,6.717537513526545e-05,0.0006085365220665707
matharena,features_only,0.7,dr,85,3,-0.00028991175,-0.004396016150712966,0.0037966287345625456,-0.00042077719139641727,-0.0001590463155996183
matharena,features_only,0.8,naive,85,3,-0.0063230926,-0.011242671636864543,-0.0015135858440771712,-0.006475725014125899,-0.006170460220063134
matharena,features_only,0.8,irt,85,3,0.004222372,0.00127502545947209,0.007328699075151234,0.004125055800870634,0.0043196883613908525
matharena,features_only,0.8,ipw,85,3,0.0007834832,-0.005608411505818367,0.006743782083503902,0.0005829918219026701,0.0009839745916176066
matharena,features_only,0.8,dr,85,3,-0.00021340727,-0.0031009195372462273,0.00287333782762289,-0.0003071696812468915,-0.00011964486090509601
matharena,features_only,0.9,naive,85,3,-0.0035932853,-0.006672516732942313,-0.0002887071292207115,-0.003695175179528655,-0.003491395490927039
matharena,features_only,0.9,irt,85,3,0.010892739,0.00877609383314848,0.012886047782376408,0.010828722682432063,0.010956754493876569
matharena,features_only,0.9,ipw,85,3,0.0029989856,-0.0009318491574958898,0.007062439247965811,0.0028697353772267286,0.0031282357886985358
matharena,features_only,0.9,dr,85,3,-0.00020642798,-0.0020836805168073626,0.0017049434478394686,-0.0002664386969061837,-0.00014641726980895838
matharena,features_and_score,0.5,naive,85,3,0.057046104,0.04562471024692059,0.06760031953454017,0.056694427623898536,0.05739778082117364
matharena,features_and_score,0.5,irt,85,3,0.037328612,0.03003190946765244,0.04399461103603244,0.03711571888131599,0.03754150523739357
matharena,features_and_score,0.5,ipw,85,3,0.0629489,0.04768374543637037,0.0781778011471033,0.062475593733091646,0.06342220122883767
matharena,features_and_score,0.5,dr,85,3,0.039835364,0.03240564353764057,0.04703677231445908,0.03960973173487101,0.04006099551808919
matharena,features_and_score,0.6,naive,85,3,0.04636337,0.03755033873021603,0.054723098035901786,0.046093393790215646,0.046633343470602835
matharena,features_and_score,0.6,irt,85,3,0.029899834,0.02472960976883769,0.03478892045095563,0.02974268338709238,0.030056984060713023
matharena,features_and_score,0.6,ipw,85,3,0.051263276,0.04029187085106969,0.062254068534821266,0.05091637712480896,0.051610175850368804
matharena,features_and_score,0.6,dr,85,3,0.032591835,0.027027341118082405,0.037872070167213674,0.032425939578825405,0.03275772974986417
matharena,features_and_score,0.7,naive,85,3,0.035623297,0.028530369978398085,0.042658195830881596,0.03540514409457201,0.035841450096025525
matharena,features_and_score,0.7,irt,85,3,0.022763971,0.018477213149890304,0.027580862306058405,0.022628922141168344,0.022899020337488425
matharena,features_and_score,0.7,ipw,85,3,0.03953673,0.03168051866814494,0.047252034489065405,0.039286558352810634,0.03978690055717777
matharena,features_and_score,0.7,dr,85,3,0.02515556,0.020895524742081763,0.029814425157383084,0.02501971072245365,0.025291407641880457
matharena,features_and_score,0.8,naive,85,3,0.024214923,0.01925549949519336,0.029338676296174527,0.02405279386182418,0.02437705290178666
matharena,features_and_score,0.8,irt,85,3,0.0148912985,0.010278183221817016,0.0207950962241739,0.014708800169837005,0.015073796805727952
matharena,features_and_score,0.8,ipw,85,3,0.027549246,0.021592984488233925,0.03354529310017824,0.02736550215167273,0.02773299050050508
matharena,features_and_score,0.8,dr,85,3,0.01739476,0.01444527932908386,0.020450473902747034,0.017299575663856773,0.01748994558329174
matharena,features_and_score,0.9,naive,85,3,0.012340815,0.00907124038785696,0.015682703675702212,0.012234529260165734,0.012447100352876144
matharena,features_and_score,0.9,irt,85,3,0.018545972,0.016280998243018985,0.02048666109330952,0.018460458485369282,0.018631485881324215
matharena,features_and_score,0.9,ipw,85,3,0.016395798,0.012796611967496574,0.020074734603986143,0.016279908516004287,0.016511687390014924
matharena,features_and_score,0.9,dr,85,3,0.009152504,0.007130382489413023,0.01103180507197976,0.00908916990260867,0.009215837465717518
livecodebench,features_only,0.5,naive,70,0,0.021894874,0.016874557174742223,0.026439563976600765,0.02174390398910489,0.02204584411332164
livecodebench,features_only,0.5,irt,70,0,0.0034437412,-0.0029350815166253597,0.009724259842187164,0.0032428218603653036,0.0036446606188493646
livecodebench,features_only,0.5,ipw,70,0,0.001874609,-0.0035907898272853345,0.007356233161408454,0.0017060803658887577,0.002043137704990821
livecodebench,features_only,0.5,dr,70,0,-0.00060183526,-0.0044220504350960255,0.003077537199715151,-0.000718874830540165,-0.000484795685138658
livecodebench,features_only,0.6,naive,70,0,0.017977508,0.014075016719289124,0.021581688476726413,0.01785633586139517,0.018098679708530137
livecodebench,features_only,0.6,irt,70,0,0.003618227,-0.0041346171754412355,0.010981210484169423,0.003384725929820878,0.0038517282403763703
livecodebench,features_only,0.6,ipw,70,0,0.003365088,-0.0005311828761477954,0.007453377079218625,0.0032419986806634096,0.0034881773621019694
livecodebench,features_only,0.6,dr,70,0,-0.0002318186,-0.003101770981447771,0.0024368898302782327,-0.00031960903402456013,-0.00014402816918640467
livecodebench,features_only,0.7,naive,70,0,0.014009104,0.011255093407817185,0.01682738778181374,0.013922945989123942,0.01409526223147714
livecodebench,features_only,0.7,irt,70,0,0.0043454757,-0.004006274999119342,0.012702377629466355,0.004087908103930282,0.0046030432881242755
livecodebench,features_only,0.7,ipw,70,0,0.0044072587,0.0017022690299199894,0.007105069607496261,0.004321794345891622,0.004492723062717768
livecodebench,features_only,0.7,dr,70,0,-4.244017e-05,-0.0019696358067449182,0.001907680570730008,-0.00010411870188527711,1.9238362612491176e-05
livecodebench,features_only,0.8,naive,70,0,0.0098070605,0.0077678793924860655,0.011972544505260885,0.009740860024900879,0.009873260920433556
livecodebench,features_only,0.8,irt,70,0,0.0073431158,-0.0025567734730429946,0.016676399996504183,0.007043006486540448,0.007643225014860023
livecodebench,features_only,0.8,ipw,70,0,0.0057011773,0.0039231215487234294,0.007492777111474424,0.00564558661422195,0.005756767961471657
livecodebench,features_only,0.8,dr,70,0,3.7422447e-05,-0.0014007297984790057,0.0014329297177027912,-7.412226492093631e-06,8.225712118998331e-05
livecodebench,features_only,0.9,naive,70,0,0.005272788,0.003938279266003519,0.006588699237909168,0.005231649236146801,0.005313926755126126
livecodebench,features_only,0.9,irt,70,0,0.019325089,0.006804823910351843,0.030552980862557883,0.01892135461337595,0.01972882280580969
livecodebench,features_only,0.9,ipw,70,0,0.009900038,0.008866654033772648,0.010947521426714957,0.009866393616550393,0.009933682644612364
livecodebench,features_only,0.9,dr,70,0,-0.0001467025,-0.0009545900815282948,0.0006483210308942943,-0.00017230688508178634,-0.00012109811387446183
livecodebench,features_and_score,0.5,naive,70,0,0.059133563,0.05364287942647934,0.06361747607588768,0.05897768009709034,0.05928944628430691
livecodebench,features_and_score,0.5,irt,70,0,0.02440117,0.019120313785970212,0.029990276042371988,0.024228533886517977,0.02457380465403607
livecodebench,features_and_score,0.5,ipw,70,0,0.0460058,0.04011564264073968,0.051893558166921136,0.04581887248407719,0.04619272824872615
livecodebench,features_and_score,0.5,dr,70,0,0.028641306,0.024504971317946912,0.03240420268848539,0.028520095077626168,0.02876251665008837
livecodebench,features_and_score,0.6,naive,70,0,0.04789645,0.043890826776623725,0.05165625400841236,0.04777301493075356,0.048019882114858775
livecodebench,features_and_score,0.6,irt,70,0,0.023200667,0.015474310866557062,0.030310090398415923,0.022964013676676415,0.02343731938716445
livecodebench,features_and_score,0.6,ipw,70,0,0.038555846,0.03426001723855734,0.04256525970995426,0.038424208093372623,0.03868748314312335
livecodebench,features_and_score,0.6,dr,70,0,0.023280567,0.020544960722327234,0.025857527973130345,0.023193265668391635,0.023367867448092054
livecodebench,features_and_score,0.7,naive,70,0,0.036578927,0.03378636641427875,0.03948903186246753,0.03648831953827756,0.03666953483994586
livecodebench,features_and_score,0.7,irt,70,0,0.023539944,0.015841434756293894,0.031197829637676474,0.02329487869428657,0.023785008546838536
livecodebench,features_and_score,0.7,ipw,70,0,0.030398814,0.02757547260262072,0.03317490750923753,0.030310550159286395,0.030487077855993375
livecodebench,features_and_score,0.7,dr,70,0,0.017585637,0.01563084847293794,0.019640297582373022,0.01752168403243123,0.017649590063342466
livecodebench,features_and_score,0.8,naive,70,0,0.024837425,0.0226855703163892,0.026986340526491404,0.02476958400837013,0.024905265948857575
livecodebench,features_and_score,0.8,irt,70,0,0.015378545,0.007514683844055981,0.023638949263840914,0.015122100062097243,0.015634990014706918
livecodebench,features_and_score,0.8,ipw,70,0,0.022649663,0.020876735262572766,0.02443539258092642,0.022593272288660135,0.022706052849670325
livecodebench,features_and_score,0.8,dr,70,0,0.011832576,0.010400944016873836,0.01333001481834799,0.01178707892890092,0.011878073561238088
livecodebench,features_and_score,0.9,naive,70,0,0.012774528,0.011486367834731937,0.014093068148940801,0.01273292291803021,0.012816133090427928
livecodebench,features_and_score,0.9,irt,70,0,0.019023664,0.007938971812836825,0.030741078220307826,0.018665093463395923,0.019382235127950818
livecodebench,features_and_score,0.9,ipw,70,0,0.018189386,0.017235520808026195,0.019192390702664854,0.018157800657495463,0.018220970409170187
livecodebench,features_and_score,0.9,dr,70,0,0.0059035826,0.0050589535385370255,0.006653293373528868,0.005878266812013329,0.005928898296607791
mmlupro,features_only,0.5,naive,48,0,0.020935351,0.01810784456320107,0.023551962245255707,0.020847926508872874,0.021022775549203985
mmlupro,features_only,0.5,irt,48,0,0.005985333,0.0013651611050590874,0.010781412385404109,0.005833237309161758,0.006137428928013707
mmlupro,features_only,0.5,ipw,48,0,-0.009017407,-0.01271179188042879,-0.005139548308216035,-0.009138059933447226,-0.008896753992176668
mmlupro,features_only,0.5,dr,48,0,-0.00062188716,-0.0037657658860553054,0.002504156401846557,-0.0007192844165160568,-0.0005244898969636051
mmlupro,features_only,0.6,naive,48,0,0.017498694,0.015169452247209846,0.019442358426749705,0.017429434477076074,0.017567954243436316
mmlupro,features_only,0.6,irt,48,0,0.0065656784,0.001964735757792369,0.01176727928686887,0.006412841817907639,0.006718514980204753
mmlupro,features_only,0.6,ipw,48,0,-0.006542406,-0.01032790585886687,-0.00274163723224774,-0.006663646443528751,-0.006421165646272084
mmlupro,features_only,0.6,dr,48,0,-0.0005137243,-0.0027958180115092547,0.0017766280157957225,-0.0005865741510753883,-0.00044087441741773954
mmlupro,features_only,0.7,naive,48,0,0.013845704,0.012150889122858643,0.015439065918326377,0.013792378109468754,0.013899029019699756
mmlupro,features_only,0.7,irt,48,0,0.007358493,0.0020488267473410815,0.01246438797097653,0.007195555955856088,0.007521429679603335
mmlupro,features_only,0.7,ipw,48,0,-0.004220864,-0.007649237010627985,-0.00019471374016575505,-0.004338646205060964,-0.004103081403381343
mmlupro,features_only,0.7,dr,48,0,-0.00032679056,-0.002372431376716122,0.0013408432714641094,-0.0003845086716841098,-0.00026907244000778235
mmlupro,features_only,0.8,naive,48,0,0.009819978,0.008475345256738365,0.010989564657211303,0.009780052857898458,0.00985990297565581
mmlupro,features_only,0.8,irt,48,0,0.003240029,-0.002259132615290582,0.009886345174163579,0.0030341059563470545,0.0034459522331344423
mmlupro,features_only,0.8,ipw,48,0,-0.0017139127,-0.00503107279073447,0.0019882035790942604,-0.0018236475146273029,-0.00160417788784114
mmlupro,features_only,0.8,dr,48,0,-0.00020917582,-0.0017926709901075809,0.001202801754698157,-0.0002560708983874247,-0.00016228074463286245
mmlupro,features_only,0.9,naive,48,0,0.0053811227,0.004601474106311798,0.006209258444141596,0.005356115072778734,0.005406130321510759
mmlupro,features_only,0.9,irt,48,0,0.005483045,-7.129928799258762e-05,0.009485676698386668,0.005338393209708154,0.005627696344422877
mmlupro,features_only,0.9,ipw,48,0,0.0026828465,5.8484418968873834e-05,0.005362647585570812,0.002595886165128364,0.002769806845261441
mmlupro,features_only,0.9,dr,48,0,-4.2968153e-05,-0.0010903248272370546,0.0009454074388486333,-7.564186902951089e-05,-1.0294437247779094e-05
mmlupro,features_and_score,0.5,naive,48,0,0.010493288,0.007746873225551099,0.01317407654132694,0.010403722126782944,0.010582853506504486
mmlupro,features_and_score,0.5,irt,48,0,-0.0060544778,-0.012091566994786262,-0.0001085695475921972,-0.0062459673863227766,-0.005862988145989617
mmlupro,features_and_score,0.5,ipw,48,0,-0.021092415,-0.024645547661930323,-0.017310074437409638,-0.021209902005899582,-0.02097492770601448
mmlupro,features_and_score,0.5,dr,48,0,-0.011655897,-0.014810312353074551,-0.008475966728292405,-0.011754693657896158,-0.011557100146272543
mmlupro,features_and_score,0.6,naive,48,0,0.009138643,0.006689839111641049,0.01115436516702175,0.00906701659784454,0.009210269022725643
mmlupro,features_and_score,0.6,irt,48,0,-0.0047572195,-0.010301923588849604,0.001256399307749234,-0.004940400248318648,-0.004574038671404386
mmlupro,features_and_score,0.6,ipw,48,0,-0.0165578,-0.020284177642315625,-0.012878622347489,-0.016674458383803995,-0.016441140920633642
mmlupro,features_and_score,0.6,dr,48,0,-0.009342598,-0.011896161129698157,-0.00709673734381795,-0.009418570560046469,-0.009266625034979548
mmlupro,features_and_score,0.7,naive,48,0,0.0075263022,0.005846201733220369,0.00917307308409363,0.007471640695930026,0.007580963793098428
mmlupro,features_and_score,0.7,irt,48,0,-0.0034795287,-0.008555117179639637,0.0030756432039197507,-0.0036636132359022383,-0.0032954441771393533
mmlupro,features_and_score,0.7,ipw,48,0,-0.012124224,-0.015443620970472693,-0.008353223162703217,-0.012235244603011826,-0.012013202666189453
mmlupro,features_and_score,0.7,dr,48,0,-0.007003441,-0.008985448349267244,-0.005217115266714245,-0.007063223092294872,-0.006943658882342637
mmlupro,features_and_score,0.8,naive,48,0,0.005525488,0.004136513452976942,0.006772906018886715,0.005484240079355462,0.0055667358021614715
mmlupro,features_and_score,0.8,irt,48,0,-0.00078478304,-0.006789038761053234,0.005330822058022022,-0.0009797614845917276,-0.0005898045994802662
mmlupro,features_and_score,0.8,ipw,48,0,-0.0074429535,-0.010629917308688164,-0.004141935962252319,-0.007548832072548689,-0.00733707498884934
mmlupro,features_and_score,0.8,dr,48,0,-0.004727127,-0.006406216020695865,-0.003197155368980021,-0.004776366912803773,-0.0046778871481798845
mmlupro,features_and_score,0.9,naive,48,0,0.0031658206,0.0023574325372464956,0.004022666090168058,0.003139744321808005,0.003191896905198907
mmlupro,features_and_score,0.9,irt,48,0,0.0029823107,-0.0011454562947619705,0.006942245119716972,0.002856578427460168,0.0031080430083906905
mmlupro,features_and_score,0.9,ipw,48,0,-0.00094405207,-0.003445002296939492,0.0017893983051180831,-0.001028870262467615,-0.0008592338699089962
mmlupro,features_and_score,0.9,dr,48,0,-0.0024193763,-0.003521722980076447,-0.001390963845187798,-0.002452811963292887,-0.0023859405970246294
mtbench,features_only,0.5,naive,34,0,0.09309195,0.08469318393617868,0.10118760615587234,0.09283362350454387,0.09335027613649312
mtbench,features_only,0.5,irt,34,0,0.006174311,-0.005251871747896075,0.01814633514732122,0.005807338860750211,0.006541283222913729
mtbench,features_only,0.5,ipw,34,0,-0.011056965,-0.027946367859840393,0.0065579721820540685,-0.011594513118387228,-0.010519417315601343
mtbench,features_only,0.5,dr,34,0,0.004596836,-0.009066975535824895,0.018420544639229774,0.0041704085817097815,0.005023263285541615
mtbench,features_only,0.6,naive,34,0,0.07403522,0.06709552891552448,0.08098925314843654,0.07381702675813122,0.07425341293818073
mtbench,features_only,0.6,irt,34,0,0.01995204,0.009953377698548139,0.029760248959064484,0.01964318153487622,0.020260898796449312
mtbench,features_only,0.6,ipw,34,0,-0.001485866,-0.013789119687862695,0.0116788174258545,-0.0019003912173829428,-0.001071340840248073
mtbench,features_only,0.6,dr,34,0,0.0009124723,-0.009388891188427806,0.011168922716751694,0.0005794726821213457,0.0012454719472125677
mtbench,features_only,0.7,naive,34,0,0.05533399,0.0497061206959188,0.06071849586442113,0.05515672836944471,0.055511252837926045
mtbench,features_only,0.7,irt,34,0,0.032864377,0.026500127697363495,0.039364821370691055,0.032657988350237664,0.03307076545492286
mtbench,features_only,0.7,ipw,34,0,0.004761699,-0.004095815028995276,0.015149609465152019,0.004453493954874994,0.00506990428801584
mtbench,features_only,0.7,dr,34,0,-0.0005702993,-0.007973803393542766,0.007789764506742357,-0.0008177077691243332,-0.0003228907878338058
mtbench,features_only,0.8,naive,34,0,0.03667794,0.03259449806064367,0.041054779291152955,0.03654644078771903,0.03680944257219003
mtbench,features_only,0.8,irt,34,0,0.041170876,0.037263302877545354,0.04477712605148554,0.04104873861111762,0.04129301433525918
mtbench,features_only,0.8,ipw,34,0,0.009925701,0.0038343909429386256,0.016748236445710062,0.009715194201399914,0.010136207246849903
mtbench,features_only,0.8,dr,34,0,-0.0008685065,-0.005591569293756038,0.003908328036777675,-0.0010209209569502357,-0.0007160920365941045
mtbench,features_only,0.9,naive,34,0,0.018613094,0.015799216972664,0.02154081743210554,0.018519598399392212,0.01870659052849666
mtbench,features_only,0.9,irt,34,0,0.044984438,0.042729057278484105,0.047216495405882596,0.04491377141399852,0.04505510363654622
mtbench,features_only,0.9,ipw,34,0,0.015640138,0.012052172212861478,0.019564688764512537,0.015520180298699154,0.015760095135556446
mtbench,features_only,0.9,dr,34,0,-0.0011871388,-0.003884997923159972,0.001569739828119054,-0.0012745496377788666,-0.001099728045196068
mtbench,features_and_score,0.5,naive,34,0,0.11449019,0.10648984052240848,0.12187188882380723,0.11424833230447039,0.11473204501200453
mtbench,features_and_score,0.5,irt,34,0,0.026654018,0.015011071763001382,0.039316446613520385,0.026266380668675062,0.027041655509675386
mtbench,features_and_score,0.5,ipw,34,0,0.010445349,-0.0073855413589626545,0.028539944440126416,0.009890138751781054,0.011000559085094862
mtbench,features_and_score,0.5,dr,34,0,0.026537506,0.01261356403119862,0.04132758975028992,0.026092331803511476,0.026982680016089583
mtbench,features_and_score,0.6,naive,34,0,0.092169724,0.08595784697681666,0.09864135812968015,0.09196714993500521,0.09237229887461851
mtbench,features_and_score,0.6,irt,34,0,0.034259584,0.02403844203799963,0.0444619806483388,0.03393210685170738,0.034587060750354844
mtbench,features_and_score,0.6,ipw,34,0,0.016863579,0.0038658786739688366,0.030819244636222716,0.01644106809230412,0.01728608976869022
mtbench,features_and_score,0.6,dr,34,0,0.017624812,0.007104397984221578,0.02814149260520935,0.017278441069946127,0.01797118333138482
mtbench,features_and_score,0.7,naive,34,0,0.06976965,0.06428771484643221,0.07505934238433838,0.06960026927193036,0.0699390321234859
mtbench,features_and_score,0.7,irt,34,0,0.044519544,0.03765176991000772,0.05123568307608366,0.04430197487135201,0.044737112424180214
mtbench,features_and_score,0.7,ipw,34,0,0.018319143,0.009199136518873274,0.02820219490677118,0.018019354115106134,0.018618931849621267
mtbench,features_and_score,0.7,dr,34,0,0.011116246,0.003637181269004941,0.019461742881685493,0.010861737020375288,0.011370754502652132
mtbench,features_and_score,0.8,naive,34,0,0.046951577,0.043112062849104404,0.05107773961499333,0.04682676394456554,0.04707639019018483
mtbench,features_and_score,0.8,irt,34,0,0.048345808,0.0444680379703641,0.05199999362230301,0.04822072380291335,0.04847089207662233
mtbench,features_and_score,0.8,ipw,34,0,0.018919652,0.013179608341306447,0.0254414165392518,0.018719884801636714,0.019119419854153615
mtbench,features_and_score,0.8,dr,34,0,0.0064796354,0.0018658758519450203,0.011125127249397336,0.006330135839521902,0.0066291348985433405
mtbench,features_and_score,0.9,naive,34,0,0.023791002,0.021006553852930664,0.02676373729482293,0.023696430431045974,0.02388557378824762
mtbench,features_and_score,0.9,irt,34,0,0.04802432,0.04590389803051949,0.05024169748649001,0.047955142914448017,0.04809349531015373
mtbench,features_and_score,0.9,ipw,34,0,0.02016058,0.016986406687647105,0.023897541081532834,0.020052267696277565,0.020268892411573463
mtbench,features_and_score,0.9,dr,34,0,0.0021657776,-0.00030450133999693197,0.004695346998050809,0.002085139933993647,0.0022464152835108544
agentdojo,features_only,0.5,naive,28,0,-0.02428833,-0.047326627932488916,0.003920022153761227,-0.025106502983688068,-0.023470157470585156
agentdojo,features_only,0.5,irt,28,0,0.017253876,-0.016796981636434793,0.05083429822698234,0.01621196798054136,0.01829578348430239
agentdojo,features_only,0.5,ipw,28,0,-0.049888324,-0.07650835700333118,-0.022303748643025756,-0.050735497041284,-0.049041150943697535
agentdojo,features_only,0.5,dr,28,0,0.014171857,-0.019448925554752347,0.049593189172446726,0.013092830004362234,0.015250884769292703
agentdojo,features_only,0.6,naive,28,0,-0.017981537,-0.044371675420552495,0.01382068155799061,-0.018907562642506325,-0.017055510730334556
agentdojo,features_only,0.6,irt,28,0,0.010222326,-0.01939923227764666,0.03945773597806692,0.009292227477390454,0.011152424588244274
agentdojo,features_only,0.6,ipw,28,0,-0.03339258,-0.05429767733439803,-0.009660355746746068,-0.03408944390584502,-0.03269571282099214
agentdojo,features_only,0.6,dr,28,0,0.006158125,-0.023777503799647094,0.036382059659808876,0.0052011550758121385,0.0071150951664807425
agentdojo,features_only,0.7,naive,28,0,-0.011232468,-0.036561671923846004,0.01792586795054376,-0.012125530231480493,-0.010339406367654905
agentdojo,features_only,0.7,irt,28,0,0.006006063,-0.020986126642674206,0.03174028536304831,0.005173635848111894,0.006838490076117728
agentdojo,features_only,0.7,ipw,28,0,-0.021723012,-0.03845114903524518,-0.0034201544651296023,-0.022291811918403577,-0.021154211098764468
agentdojo,features_only,0.7,dr,28,0,0.001611644,-0.025819869013503194,0.029280776157975193,0.0007386644060206973,0.002484623699780051
agentdojo,features_only,0.8,naive,28,0,-0.0072700614,-0.022473165718838572,0.009465259825810786,-0.007771657784053232,-0.006768465037873839
agentdojo,features_only,0.8,irt,28,0,0.0046590567,-0.010719333845190703,0.02073491313494742,0.004163338611032014,0.005154774715994353
agentdojo,features_only,0.8,ipw,28,0,-0.010382653,-0.023425281001254915,0.006549255852587517,-0.010865284491832864,-0.009900021936241973
agentdojo,features_only,0.8,dr,28,0,0.000586364,-0.016703082202002405,0.018753609573468565,2.3020825233547844e-05,0.0011497071963956068
agentdojo,features_only,0.9,naive,28,0,-0.0064727813,-0.013234310573898256,-0.00042147989806835584,-0.00667775754934564,-0.006267805051743838
agentdojo,features_only,0.9,irt,28,0,0.00093675504,-0.005724861670751124,0.007144991820678115,0.000731434133198848,0.001142075941602895
agentdojo,features_only,0.9,ipw,28,0,0.004774889,-0.006291925767436623,0.019175950018689037,0.004376597241507475,0.005173180713309343
agentdojo,features_only,0.9,dr,28,0,-0.00061812793,-0.010991318384185433,0.009074326558038592,-0.000933822869796387,-0.00030243299295372596
agentdojo,features_and_score,0.5,naive,28,0,-0.041697886,-0.06490082070231437,-0.011084109637886298,-0.042536080445717925,-0.040859691236544496
agentdojo,features_and_score,0.5,irt,28,0,-0.008323473,-0.04259547712281346,0.02616954734548926,-0.009429147423827026,-0.007217798425233986
agentdojo,features_and_score,0.5,ipw,28,0,-0.06698198,-0.09348122738301753,-0.03956319885328413,-0.06782982667193076,-0.06613413075700143
agentdojo,features_and_score,0.5,dr,28,0,-0.011674585,-0.0473666038364172,0.02447673818096518,-0.012807569339079805,-0.010541600302653364
agentdojo,features_and_score,0.6,naive,28,0,-0.0326437,-0.05789373302832246,0.0005752280732849604,-0.03355536746763741,-0.03173202884412254
agentdojo,features_and_score,0.6,irt,28,0,-0.010975668,-0.03999194707721472,0.01867918968200683,-0.011937202371101163,-0.01001413404252074
agentdojo,features_and_score,0.6,ipw,28,0,-0.04641263,-0.06769551280885935,-0.02406300972215832,-0.04709893903148777,-0.045726317256563835
agentdojo,features_and_score,0.6,dr,28,0,-0.01503246,-0.04491113200783729,0.015005082241259494,-0.01602327105154156,-0.01404164891193748
agentdojo,features_and_score,0.7,naive,28,0,-0.02414944,-0.046619906648993494,0.0028007837827317365,-0.024924965072458703,-0.02337391538541941
agentdojo,features_and_score,0.7,irt,28,0,-0.009274786,-0.03286688281223178,0.014356908807530998,-0.010038576475621761,-0.00851099620079845
agentdojo,features_and_score,0.7,ipw,28,0,-0.032577075,-0.04799723364412785,-0.014398441696539529,-0.033099916398533276,-0.03205423372983129
agentdojo,features_and_score,0.7,dr,28,0,-0.013731156,-0.03686359822750092,0.011838923348113895,-0.014530127807422022,-0.012932183281616827
agentdojo,features_and_score,0.8,naive,28,0,-0.01641637,-0.02935164514929056,-0.0025008832046296463,-0.01684523861692977,-0.015987503120435953
agentdojo,features_and_score,0.8,irt,28,0,-0.00485483,-0.018755075708031654,0.009445499605499206,-0.00529705863599503,-0.004412601327851176
agentdojo,features_and_score,0.8,ipw,28,0,-0.017448623,-0.028886596811935304,-0.002118789550149817,-0.01788772309453055,-0.017009522372178586
agentdojo,features_and_score,0.8,dr,28,0,-0.009155649,-0.024885951029136776,0.0077208996517583684,-0.009667004294504447,-0.008644293226490693
agentdojo,features_and_score,0.9,naive,28,0,-0.011023159,-0.01761964880861342,-0.004851687629707158,-0.011224767165076926,-0.01082155111263971
agentdojo,features_and_score,0.9,irt,28,0,-0.0036295955,-0.009972602594643831,0.00272397908847779,-0.0038318583250223797,-0.0034273326888502437
agentdojo,features_and_score,0.9,ipw,28,0,7.872481e-05,-0.010197693668305873,0.013770346483215689,-0.0002999030278395625,0.0004573526405827837
agentdojo,features_and_score,0.9,dr,28,0,-0.0057072956,-0.01578859784640372,0.00365291130146943,-0.0060160980768632945,-0.005398493146138186
ultrafeedback,features_only,0.5,naive,17,0,-7.0191214e-05,-0.0035499997495207934,0.003472323139430954,-0.00018207528569549354,4.1692857624031924e-05
ultrafeedback,features_only,0.5,irt,17,0,-0.022375863,-0.02756230137310922,-0.016627410287037493,-0.022549182386116987,-0.022202543704791064
ultrafeedback,features_only,0.5,ipw,17,0,-0.00010701798,-0.004812564188614488,0.0050876253517344585,-0.0002639020060039289,4.9866048534323994e-05
ultrafeedback,features_only,0.5,dr,17,0,-0.004432742,-0.008072258811444044,-0.0006241052673431115,-0.004549072336519065,-0.004316411699986158
ultrafeedback,features_only,0.6,naive,17,0,-5.7031444e-05,-0.002713825588580221,0.0025434630690142498,-0.0001414578606286607,2.7394972313713215e-05
ultrafeedback,features_only,0.6,irt,17,0,-0.021134855,-0.02661082553677261,-0.014875941048376261,-0.021316826220719703,-0.020952884230644814
ultrafeedback,features_only,0.6,ipw,17,0,-7.825723e-05,-0.0038227323326282202,0.003410850034561007,-0.00019222504472656698,3.57105817116663e-05
ultrafeedback,features_only,0.6,dr,17,0,-0.0009368949,-0.0038177408510819077,0.0020113088423386214,-0.0010308281113807724,-0.0008429617094393209
ultrafeedback,features_only,0.7,naive,17,0,-2.6294774e-06,-0.0020345292054116727,0.0020663984119892115,-7.089734529441097e-05,6.5638390451254e-05
ultrafeedback,features_only,0.7,irt,17,0,-0.020303566,-0.025799618428573014,-0.013752098451368511,-0.020503775440926304,-0.020103356576686153
ultrafeedback,features_only,0.7,ipw,17,0,-0.0001295775,-0.0029506281251087787,0.0027036444749683137,-0.00022000572313229374,-3.914927696203062e-05
ultrafeedback,features_only,0.7,dr,17,0,0.0004827711,-0.001789246275438927,0.0027979696460533883,0.0004093082497654883,0.0005562339684167477
ultrafeedback,features_only,0.8,naive,17,0,-8.659272e-06,-0.0015553965291474014,0.0015730989311123266,-6.100801564681778e-05,4.368947210533979e-05
ultrafeedback,features_only,0.8,irt,17,0,-0.01876711,-0.02266406179405749,-0.014134444738738238,-0.01890703768949344,-0.018627180592014052
ultrafeedback,features_only,0.8,ipw,17,0,-7.395397e-06,-0.0019876488076988608,0.002028720290400087,-7.097862548642035e-05,5.6187831474632834e-05
ultrafeedback,features_only,0.8,dr,17,0,0.0007620198,-0.001009342327597551,0.0026333762623835352,0.0007047493020334159,0.0008192902421317185
ultrafeedback,features_only,0.9,naive,17,0,-7.901804e-06,-0.0011058217525715009,0.0010752991511253638,-4.283296335868673e-05,2.7029356047004883e-05
ultrafeedback,features_only,0.9,irt,17,0,-0.017456258,-0.021969658182933928,-0.013767648790962993,-0.017604588926585618,-0.017307926505056914
ultrafeedback,features_only,0.9,ipw,17,0,-1.7483588e-05,-0.0013101129879942164,0.0011967936472501604,-5.665195028155423e-05,2.1684774829515583e-05
ultrafeedback,features_only,0.9,dr,17,0,0.0005026697,-0.0006711730718961916,0.0015873035095864904,0.00046563267610361353,0.0005397067601294301
ultrafeedback,features_and_score,0.5,naive,17,0,0.024829807,0.021270077070221306,0.02857500468380749,0.024713170988077873,0.024946442531829125
ultrafeedback,features_and_score,0.5,irt,17,0,0.0071554678,0.0005585652979789303,0.013622048613615333,0.006946158082186694,0.007364777429998403
ultrafeedback,features_and_score,0.5,ipw,17,0,0.02285326,0.01844653384760022,0.027602330967783927,0.02270232722156453,0.02300419449812961
ultrafeedback,features_and_score,0.5,dr,17,0,0.026218297,0.022310379520058633,0.030154319526627657,0.02609411735777065,0.026342476562221797
ultrafeedback,features_and_score,0.6,naive,17,0,0.020351684,0.0176323713734746,0.0230108127463609,0.02026466748242915,0.020438699959463475
ultrafeedback,features_and_score,0.6,irt,17,0,0.0012877422,-0.0022811596048995853,0.005594130151439458,0.0011595914025243949,0.0014158929347607662
ultrafeedback,features_and_score,0.6,ipw,17,0,0.018699734,0.015107863117009401,0.022211447916924955,0.018587667804203095,0.018811799276628433
ultrafeedback,features_and_score,0.6,dr,17,0,0.024632826,0.021655810670927166,0.027648890390992165,0.0245367339009855,0.024728918993988255
ultrafeedback,features_and_score,0.7,naive,17,0,0.015782112,0.013575847470201552,0.01813905513845384,0.015711725088294028,0.015852499423090936
ultrafeedback,features_and_score,0.7,irt,17,0,-0.0021938023,-0.006837862893007696,0.002310287411091849,-0.002345463965476112,-0.0020421405728751852
ultrafeedback,features_and_score,0.7,ipw,17,0,0.014469401,0.011778514576144516,0.017368491273373362,0.01437979792066186,0.01455900403849513
ultrafeedback,features_and_score,0.7,dr,17,0,0.020422166,0.017960322368890048,0.022786707477644084,0.0203462362676154,0.020498096159171024
ultrafeedback,features_and_score,0.8,naive,17,0,0.01102284,0.00935796380508691,0.012686571222729981,0.010969749898212203,0.011075929492218247
ultrafeedback,features_and_score,0.8,irt,17,0,-0.004878808,-0.008801556727848946,-0.00011050854500354127,-0.005026222468047584,-0.004731393157810723
ultrafeedback,features_and_score,0.8,ipw,17,0,0.010270279,0.008296368410810828,0.012221560347825289,0.01020602789262023,0.01033452990910325
ultrafeedback,features_and_score,0.8,dr,17,0,0.014804173,0.012996356002986431,0.016689808992668986,0.014745774882519278,0.014862571639335123
ultrafeedback,features_and_score,0.9,naive,17,0,0.005932318,0.004839027358684689,0.007011744589544832,0.005896405197054249,0.005968230896323818
ultrafeedback,features_and_score,0.9,irt,17,0,-0.010050854,-0.014642960182391107,-0.006320867687463761,-0.01020307399108579,-0.009898633437607982
ultrafeedback,features_and_score,0.9,ipw,17,0,0.00562745,0.004361801280174405,0.006813439633697271,0.005588000553177117,0.005666899581922771
ultrafeedback,features_and_score,0.9,dr,17,0,0.008076734,0.0068928887252695855,0.009267015475779771,0.008037905681884422,0.008115562137210236
