benchmark,strategy,model,bias
mmlupro,clip05,04eb984f2790d9a6,-0.008371182026181421
mmlupro,clip05,0ca95b56886dbc1f,-0.006915592545977574
mmlupro,clip05,13a1cab4e22ad574,-0.006930331723973542
mmlupro,clip05,148a2a89d25ca27f,-0.0030335323618551225
mmlupro,clip05,162eda995e0e11ab,-0.005364970819146893
mmlupro,clip05,18196b5269da5b0a,-0.005974962096986975
mmlupro,clip05,21e5b2217dda961f,-0.008015836835417657
mmlupro,clip05,2aac14a5dc766c6c,-0.06678550922319787
mmlupro,clip05,2adb7c93cd8594a6,-0.004825834312705782
mmlupro,clip05,2c510d705b044c43,-0.006794226371469469
mmlupro,clip05,39fb5d1f37195526,-0.007662448144208264
mmlupro,clip05,3a00e90bc9417fc2,-0.004464960770732758
mmlupro,clip05,43e7eba0ac90a477,-0.005432189718365752
mmlupro,clip05,4526f8513b5090fe,-0.007085993608820093
mmlupro,clip05,467c03cccec6a2c2,-0.004367018155953867
mmlupro,clip05,494a14f4d10a478c,-0.004170893873908106
mmlupro,clip05,5582bd2d4223dc95,-0.005415459156518853
mmlupro,clip05,5cc5438ea46715de,-0.006248534577162136
mmlupro,clip05,676fe3c6193a4dad,0.00907142976117274
mmlupro,clip05,6f7ac1823da81d2e,-0.0075499231531137865
mmlupro,clip05,70e3e5c181c774bc,-0.011434444319306025
mmlupro,clip05,74375a523acfc9e9,-0.00671647992396372
mmlupro,clip05,7b45f370e9714d4d,-0.006161414423880153
mmlupro,clip05,7e1c0bab30793218,-0.007453487794257109
mmlupro,clip05,7e284063ce251813,-0.006477584886183432
mmlupro,clip05,7e6ebdfb9018bd06,-0.005850291110662122
mmlupro,clip05,84788677bc272077,-0.005176745929168147
mmlupro,clip05,851e43bd44a2c3d3,-0.007214008367494109
mmlupro,clip05,8a43428062692d36,-0.005266279761538655
mmlupro,clip05,931d98fb1a58a771,-0.006367058894789961
mmlupro,clip05,99a76e323194b65c,-0.00628224290695472
mmlupro,clip05,a6138cd2a352cc57,-0.004614235386797985
mmlupro,clip05,b7a6096f66ca5398,-0.006707094472503229
mmlupro,clip05,bf432f9d856ab280,-0.004615221353751976
mmlupro,clip05,c753cf89cbc09544,-0.005814262841998363
mmlupro,clip05,c77b14928a35f208,-0.006563234350528385
mmlupro,clip05,c9ad8f2cc1294afa,-0.014860902270475356
mmlupro,clip05,cdbf5a4c8338aa05,-0.006910087042154567
mmlupro,clip05,ce8041ab459c3167,-0.003097235052734999
mmlupro,clip05,d28e4053062132f2,-0.005120660965524484
mmlupro,clip05,d30cf1aca1f79eaf,-0.007949265627788313
mmlupro,clip05,d6537e70bb5ba562,-0.006691509333338421
mmlupro,clip05,e07fbafc8b7ca48b,-0.005725650276084901
mmlupro,clip05,e12ce8285efc67c6,-0.005315551666169387
mmlupro,clip05,e44016eaf4c6ea4d,-0.0069450363957416815
mmlupro,clip05,e635d29b1ef3c91f,-0.010375985426675581
mmlupro,clip05,e972399a710cde48,-0.007470760647198777
mmlupro,clip05,ff9cbb6ed04fff99,-0.005292924582016776
mmlupro,clip10,04eb984f2790d9a6,-0.008363379121887922
mmlupro,clip10,0ca95b56886dbc1f,-0.006902225010685068
mmlupro,clip10,13a1cab4e22ad574,-0.006950555587943966
mmlupro,clip10,148a2a89d25ca27f,-0.0037065000188954912
mmlupro,clip10,162eda995e0e11ab,-0.005364477100413203
mmlupro,clip10,18196b5269da5b0a,-0.005964939155468496
mmlupro,clip10,21e5b2217dda961f,-0.008025070344699334
mmlupro,clip10,2aac14a5dc766c6c,-0.07471564495386575
mmlupro,clip10,2adb7c93cd8594a6,-0.004898264627580853
mmlupro,clip10,2c510d705b044c43,-0.006783251766662506
mmlupro,clip10,39fb5d1f37195526,-0.007633597188166137
mmlupro,clip10,3a00e90bc9417fc2,-0.004759109421512649
mmlupro,clip10,43e7eba0ac90a477,-0.005228655459305445
mmlupro,clip10,4526f8513b5090fe,-0.007079222020025969
mmlupro,clip10,467c03cccec6a2c2,-0.0042258804821020506
mmlupro,clip10,494a14f4d10a478c,-0.004292917221081011
mmlupro,clip10,5582bd2d4223dc95,-0.005372798243818732
mmlupro,clip10,5cc5438ea46715de,-0.006270282199809006
mmlupro,clip10,676fe3c6193a4dad,0.009107638402831568
mmlupro,clip10,6f7ac1823da81d2e,-0.00754558575650732
mmlupro,clip10,70e3e5c181c774bc,-0.011581052073518125
mmlupro,clip10,74375a523acfc9e9,-0.0066709238902100685
mmlupro,clip10,7b45f370e9714d4d,-0.006146701696453361
mmlupro,clip10,7e1c0bab30793218,-0.007596236319595867
mmlupro,clip10,7e284063ce251813,-0.006415401709993092
mmlupro,clip10,7e6ebdfb9018bd06,-0.0058111403891543435
mmlupro,clip10,84788677bc272077,-0.005004246588980351
mmlupro,clip10,851e43bd44a2c3d3,-0.007228509078546286
mmlupro,clip10,8a43428062692d36,-0.0052651583761897935
mmlupro,clip10,931d98fb1a58a771,-0.006427369720485725
mmlupro,clip10,99a76e323194b65c,-0.0062632061639746085
mmlupro,clip10,a6138cd2a352cc57,-0.004600334727969785
mmlupro,clip10,b7a6096f66ca5398,-0.006644231248958286
mmlupro,clip10,bf432f9d856ab280,-0.004547275521805009
mmlupro,clip10,c753cf89cbc09544,-0.005770204256692718
mmlupro,clip10,c77b14928a35f208,-0.0065758520651663325
mmlupro,clip10,c9ad8f2cc1294afa,-0.015395840663593556
mmlupro,clip10,cdbf5a4c8338aa05,-0.006972091047867221
mmlupro,clip10,ce8041ab459c3167,-0.0037212750278085814
mmlupro,clip10,d28e4053062132f2,-0.0050316417844141325
mmlupro,clip10,d30cf1aca1f79eaf,-0.00795359647622969
mmlupro,clip10,d6537e70bb5ba562,-0.006657841814415385
mmlupro,clip10,e07fbafc8b7ca48b,-0.00575448240949735
mmlupro,clip10,e12ce8285efc67c6,-0.005426359873064619
mmlupro,clip10,e44016eaf4c6ea4d,-0.006936082058324511
mmlupro,clip10,e635d29b1ef3c91f,-0.01035403937892767
mmlupro,clip10,e972399a710cde48,-0.007473189799118969
mmlupro,clip10,ff9cbb6ed04fff99,-0.005231327872457741
mmlupro,clip20,04eb984f2790d9a6,-0.008509737421850367
mmlupro,clip20,0ca95b56886dbc1f,-0.006658048878411378
mmlupro,clip20,13a1cab4e22ad574,-0.00827298852589362
mmlupro,clip20,148a2a89d25ca27f,-0.007072072892801893
mmlupro,clip20,162eda995e0e11ab,-0.004322789282259773
mmlupro,clip20,18196b5269da5b0a,-0.00542464763318158
mmlupro,clip20,21e5b2217dda961f,-0.008489900961559391
mmlupro,clip20,2aac14a5dc766c6c,-0.08358558917306447
mmlupro,clip20,2adb7c93cd8594a6,-0.006229512208868266
mmlupro,clip20,2c510d705b044c43,-0.006771739046786125
mmlupro,clip20,39fb5d1f37195526,-0.007228638499112447
mmlupro,clip20,3a00e90bc9417fc2,-0.007184034544721509
mmlupro,clip20,43e7eba0ac90a477,-0.0026185859290226332
mmlupro,clip20,4526f8513b5090fe,-0.007540135709195262
mmlupro,clip20,467c03cccec6a2c2,-0.0024696284528745904
mmlupro,clip20,494a14f4d10a478c,-0.006060121882152913
mmlupro,clip20,5582bd2d4223dc95,-0.004328836604262398
mmlupro,clip20,5cc5438ea46715de,-0.006686402570113975
mmlupro,clip20,676fe3c6193a4dad,0.010149310623756392
mmlupro,clip20,6f7ac1823da81d2e,-0.007495489065300929
mmlupro,clip20,70e3e5c181c774bc,-0.012830895707358927
mmlupro,clip20,74375a523acfc9e9,-0.0065002580889686554
mmlupro,clip20,7b45f370e9714d4d,-0.0064290234144608795
mmlupro,clip20,7e1c0bab30793218,-0.009022625944117754
mmlupro,clip20,7e284063ce251813,-0.005903148547922997
mmlupro,clip20,7e6ebdfb9018bd06,-0.005074580348880206
mmlupro,clip20,84788677bc272077,-0.0028232553506037507
mmlupro,clip20,851e43bd44a2c3d3,-0.007211276232316515
mmlupro,clip20,8a43428062692d36,-0.004216150717010254
mmlupro,clip20,931d98fb1a58a771,-0.0073589087198408665
mmlupro,clip20,99a76e323194b65c,-0.006512306321001391
mmlupro,clip20,a6138cd2a352cc57,-0.0042192101519178
mmlupro,clip20,b7a6096f66ca5398,-0.00613623992590418
mmlupro,clip20,bf432f9d856ab280,-0.003522346851218371
mmlupro,clip20,c753cf89cbc09544,-0.004718013546913166
mmlupro,clip20,c77b14928a35f208,-0.006874868662125911
mmlupro,clip20,c9ad8f2cc1294afa,-0.016101063925007195
mmlupro,clip20,cdbf5a4c8338aa05,-0.007907428004391117
mmlupro,clip20,ce8041ab459c3167,-0.0065558018863645495
mmlupro,clip20,d28e4053062132f2,-0.005298221727483631
mmlupro,clip20,d30cf1aca1f79eaf,-0.007876283224225733
mmlupro,clip20,d6537e70bb5ba562,-0.006517724740564627
mmlupro,clip20,e07fbafc8b7ca48b,-0.0069042733654894215
mmlupro,clip20,e12ce8285efc67c6,-0.005565206386695541
mmlupro,clip20,e44016eaf4c6ea4d,-0.006898071073062919
mmlupro,clip20,e635d29b1ef3c91f,-0.01076790054439597
mmlupro,clip20,e972399a710cde48,-0.007660429190819449
mmlupro,clip20,ff9cbb6ed04fff99,-0.004100980091557096
mmlupro,snorm05,04eb984f2790d9a6,-0.00825967320032075
mmlupro,snorm05,0ca95b56886dbc1f,-0.00689595624729024
mmlupro,snorm05,13a1cab4e22ad574,-0.0068993913725804165
mmlupro,snorm05,148a2a89d25ca27f,-0.003061990248320168
mmlupro,snorm05,162eda995e0e11ab,-0.005460439730318645
mmlupro,snorm05,18196b5269da5b0a,-0.005837117328615411
mmlupro,snorm05,21e5b2217dda961f,-0.008134795203747915
mmlupro,snorm05,2aac14a5dc766c6c,-0.05892806143665813
mmlupro,snorm05,2adb7c93cd8594a6,-0.004886617534340012
mmlupro,snorm05,2c510d705b044c43,-0.006675712899580264
mmlupro,snorm05,39fb5d1f37195526,-0.007748600467532157
mmlupro,snorm05,3a00e90bc9417fc2,-0.004440665669710964
mmlupro,snorm05,43e7eba0ac90a477,-0.005422180770703969
mmlupro,snorm05,4526f8513b5090fe,-0.006637380219586814
mmlupro,snorm05,467c03cccec6a2c2,-0.004370455277191206
mmlupro,snorm05,494a14f4d10a478c,-0.004198728726952789
mmlupro,snorm05,5582bd2d4223dc95,-0.005478538231635292
mmlupro,snorm05,5cc5438ea46715de,-0.006237530431043813
mmlupro,snorm05,676fe3c6193a4dad,0.009045650287745639
mmlupro,snorm05,6f7ac1823da81d2e,-0.007540888949998414
mmlupro,snorm05,70e3e5c181c774bc,-0.011189956653062683
mmlupro,snorm05,74375a523acfc9e9,-0.006721400587595716
mmlupro,snorm05,7b45f370e9714d4d,-0.006235297975938172
mmlupro,snorm05,7e1c0bab30793218,-0.007393375101247789
mmlupro,snorm05,7e284063ce251813,-0.006480958044269069
mmlupro,snorm05,7e6ebdfb9018bd06,-0.00588124762412525
mmlupro,snorm05,84788677bc272077,-0.005149729042942574
mmlupro,snorm05,851e43bd44a2c3d3,-0.007389151087759627
mmlupro,snorm05,8a43428062692d36,-0.0054559444690010775
mmlupro,snorm05,931d98fb1a58a771,-0.006349815181051619
mmlupro,snorm05,99a76e323194b65c,-0.006287962451836657
mmlupro,snorm05,a6138cd2a352cc57,-0.004639010994161468
mmlupro,snorm05,b7a6096f66ca5398,-0.006913038853695886
mmlupro,snorm05,bf432f9d856ab280,-0.0046699032890345216
mmlupro,snorm05,c753cf89cbc09544,-0.005837017097319844
mmlupro,snorm05,c77b14928a35f208,-0.006544662111336523
mmlupro,snorm05,c9ad8f2cc1294afa,-0.014894924185091704
mmlupro,snorm05,cdbf5a4c8338aa05,-0.006909962815602782
mmlupro,snorm05,ce8041ab459c3167,-0.0031128390921509454
mmlupro,snorm05,d28e4053062132f2,-0.005145799198556867
mmlupro,snorm05,d30cf1aca1f79eaf,-0.007894769838878267
mmlupro,snorm05,d6537e70bb5ba562,-0.006784798231536042
mmlupro,snorm05,e07fbafc8b7ca48b,-0.005848797073467875
mmlupro,snorm05,e12ce8285efc67c6,-0.005290407842724327
mmlupro,snorm05,e44016eaf4c6ea4d,-0.006930766378386977
mmlupro,snorm05,e635d29b1ef3c91f,-0.010501024002632668
mmlupro,snorm05,e972399a710cde48,-0.007350349538636078
mmlupro,snorm05,ff9cbb6ed04fff99,-0.005341618685453384
mmlupro,snorm10,04eb984f2790d9a6,-0.00825219358891318
mmlupro,snorm10,0ca95b56886dbc1f,-0.006885099755922009
mmlupro,snorm10,13a1cab4e22ad574,-0.0068777544154320965
mmlupro,snorm10,148a2a89d25ca27f,-0.0035908602385399924
mmlupro,snorm10,162eda995e0e11ab,-0.005586245778692849
mmlupro,snorm10,18196b5269da5b0a,-0.005894800147981205
mmlupro,snorm10,21e5b2217dda961f,-0.008130834838969453
mmlupro,snorm10,2aac14a5dc766c6c,-0.0658408644238533
mmlupro,snorm10,2adb7c93cd8594a6,-0.0049538255985741375
mmlupro,snorm10,2c510d705b044c43,-0.006644476212273986
mmlupro,snorm10,39fb5d1f37195526,-0.007703623787292307
mmlupro,snorm10,3a00e90bc9417fc2,-0.004675677430617737
mmlupro,snorm10,43e7eba0ac90a477,-0.005267323551855039
mmlupro,snorm10,4526f8513b5090fe,-0.006603402980950901
mmlupro,snorm10,467c03cccec6a2c2,-0.004250320183001847
mmlupro,snorm10,494a14f4d10a478c,-0.004288558195062067
mmlupro,snorm10,5582bd2d4223dc95,-0.005442415901827658
mmlupro,snorm10,5cc5438ea46715de,-0.006237862035747358
mmlupro,snorm10,676fe3c6193a4dad,0.008971702874994316
mmlupro,snorm10,6f7ac1823da81d2e,-0.007537884172536966
mmlupro,snorm10,70e3e5c181c774bc,-0.011309676457141348
mmlupro,snorm10,74375a523acfc9e9,-0.006662245971661408
mmlupro,snorm10,7b45f370e9714d4d,-0.006182877449440238
mmlupro,snorm10,7e1c0bab30793218,-0.007525373047165753
mmlupro,snorm10,7e284063ce251813,-0.00640256578000873
mmlupro,snorm10,7e6ebdfb9018bd06,-0.005849985137976397
mmlupro,snorm10,84788677bc272077,-0.005010251247850105
mmlupro,snorm10,851e43bd44a2c3d3,-0.007420118816630168
mmlupro,snorm10,8a43428062692d36,-0.00551197655203715
mmlupro,snorm10,931d98fb1a58a771,-0.006412059638641026
mmlupro,snorm10,99a76e323194b65c,-0.00622972398088175
mmlupro,snorm10,a6138cd2a352cc57,-0.0046255469856843505
mmlupro,snorm10,b7a6096f66ca5398,-0.00680330482526912
mmlupro,snorm10,bf432f9d856ab280,-0.0046148574370808056
mmlupro,snorm10,c753cf89cbc09544,-0.005797278542523383
mmlupro,snorm10,c77b14928a35f208,-0.006527514474187625
mmlupro,snorm10,c9ad8f2cc1294afa,-0.01536337075588543
mmlupro,snorm10,cdbf5a4c8338aa05,-0.00697200773444111
mmlupro,snorm10,ce8041ab459c3167,-0.003639271668027091
mmlupro,snorm10,d28e4053062132f2,-0.00496665359937094
mmlupro,snorm10,d30cf1aca1f79eaf,-0.00791061170586644
mmlupro,snorm10,d6537e70bb5ba562,-0.006720019275015944
mmlupro,snorm10,e07fbafc8b7ca48b,-0.0058697000494630225
mmlupro,snorm10,e12ce8285efc67c6,-0.005488290303997811
mmlupro,snorm10,e44016eaf4c6ea4d,-0.0069230435556235734
mmlupro,snorm10,e635d29b1ef3c91f,-0.010443230830072347
mmlupro,snorm10,e972399a710cde48,-0.007335217804536876
mmlupro,snorm10,ff9cbb6ed04fff99,-0.005297970949525563
matharena,clip05,06b59c1099ff58fe,0.02589826358112736
matharena,clip05,074d86b35fb1d1a8,0.008786398918908414
matharena,clip05,0d3cdfaa17162ece,0.038264818022638265
matharena,clip05,121dd6e24cea0035,0.06167149079553372
matharena,clip05,14493326fce24d91,0.018253580886301513
matharena,clip05,148a2a89d25ca27f,0.021896165333153524
matharena,clip05,14907155fa5c9a68,0.0016508427832410749
matharena,clip05,185d370305be8569,0.022315971383632775
matharena,clip05,199e8329c239a47e,0.010908046668076406
matharena,clip05,1b68915e259fb591,0.02378655148086988
matharena,clip05,1d75fb7078078065,0.03704495735574088
matharena,clip05,1f28b3b4d5c1b6ec,0.02135245338751356
matharena,clip05,22d3cf06f53886ef,0.008343053142043047
matharena,clip05,26b6a95c14695819,-0.3185742927634363
matharena,clip05,28616143fb25a8ed,0.01909585134482564
matharena,clip05,2aed35ffea0e5af7,0.033812256254146286
matharena,clip05,2bc5ac31eae04752,0.020300919420096594
matharena,clip05,2d3f056887071294,0.025937476020391773
matharena,clip05,2e062a466351a72e,0.012638194150729816
matharena,clip05,2e3ec58c1dbe25c1,0.027463496758692543
matharena,clip05,318f796e1a246693,0.0063691204320407094
matharena,clip05,331c597a90d0b9cf,0.014142477818385712
matharena,clip05,34b16642dc4fa67d,0.03405049716338627
matharena,clip05,380d4187f3135fc7,0.037508730886049745
matharena,clip05,3d0f463cf94c245e,0.014967581873004319
matharena,clip05,3f6b29e1289036a7,0.047393590129913454
matharena,clip05,3ff9d9cd649848b9,0.0674030220480249
matharena,clip05,4053d452dcd26ae8,0.013579324249743013
matharena,clip05,4178c8e8a5d89c7f,0.044626947157944664
matharena,clip05,41a4ee318441f1e8,0.03244949210125567
matharena,clip05,49836050494876d5,0.018799286343936523
matharena,clip05,4c2ef4cff5dda9aa,-3.1244294054073586e-05
matharena,clip05,4dca0f29c7b469ee,0.0518053453684427
matharena,clip05,4f0d9b0296c76f94,0.0389966366559884
matharena,clip05,57d4a315e7a6b2f1,0.03098721395746555
matharena,clip05,5f9e1e109017946b,0.00016868577594420398
matharena,clip05,6607ad3eea624f1d,0.049970031725288536
matharena,clip05,68be37acdde0a6d8,0.0751711203839811
matharena,clip05,6d1a01a8e23f5962,0.03318018434127498
matharena,clip05,6f6bac9dfb3c839a,0.014056002046414093
matharena,clip05,712c96fcbea145ac,0.011816013670864177
matharena,clip05,7215d1384efb8457,0.018761290578174186
matharena,clip05,74d4a2db4ed4fc18,0.05846868307133483
matharena,clip05,77655180e041c26b,0.017217681352108136
matharena,clip05,7806a12917d77c56,0.00357558340917872
matharena,clip05,78d09c9406ee136e,0.017793007376139303
matharena,clip05,7df73dd95ff13e9f,0.02484779456299755
matharena,clip05,80551ee8e54dbd90,0.013104671533350945
matharena,clip05,806a372cd4757f93,0.023613892417433373
matharena,clip05,81f7b1d460643896,0.008953872428049417
matharena,clip05,82022345c28defe9,0.04305502653865546
matharena,clip05,8aacfebb789f64f3,0.007661167697406526
matharena,clip05,8d879ff74b528320,0.020446777478632504
matharena,clip05,8e89fa570bb7887e,0.017202278806936512
matharena,clip05,932bbb1b52b2ceb8,0.050640223043034976
matharena,clip05,95f9ca3d471cf53a,0.010746549712339286
matharena,clip05,9abd55808c0bc515,0.029213603702711765
matharena,clip05,9b5955403d2a3870,0.019289379908836432
matharena,clip05,9d12a9fe706d0b0c,0.012098496535843432
matharena,clip05,a0aa721c63e87737,0.012486901119561878
matharena,clip05,a194aa8b911232d6,0.012753164068588905
matharena,clip05,a1d62004af574141,0.026788756516646677
matharena,clip05,a2a69af70d1b9be7,0.03928269392422769
matharena,clip05,a36672eb6ab1031f,0.012940045811533423
matharena,clip05,a3799502b96ad0b0,0.036232930189099545
matharena,clip05,ab86d8988c07de98,0.025739804824762458
matharena,clip05,b0c15b775a3043dd,0.012295137178046565
matharena,clip05,b4441d4fdd9132c8,0.019789079868411923
matharena,clip05,b98c730a7df66401,0.03936060578295762
matharena,clip05,bda806333ce39e02,0.03473419667626008
matharena,clip05,c16f033be845f7b0,0.02050438846449918
matharena,clip05,c613f7e339705430,0.00360102282603411
matharena,clip05,cc3cbdc6a46aacb6,0.009666241765549801
matharena,clip05,cecebb5bb280bf15,0.013264041995066686
matharena,clip05,d15ea2a93d461dc4,0.0034698232992062027
matharena,clip05,d458a4ab67a3e344,0.05646816744841477
matharena,clip05,dd8a65620f00c3bd,0.04588107278157025
matharena,clip05,e2c3d029c9da94ee,0.04161763067921547
matharena,clip05,e45e266664be8e1f,0.015905061810641732
matharena,clip05,e6f09cb63e790526,0.001533860908258411
matharena,clip05,e9cf57a412da15c9,0.029844903250390617
matharena,clip05,eb7d8ad97da56804,0.012820979893732215
matharena,clip05,ebc88da3435f9dcd,0.02444226002996741
matharena,clip05,ecb653acb1611568,0.025821051874599363
matharena,clip05,edc47272911b1b95,0.01362855139792491
matharena,clip05,ee663f1815098e04,-0.2729030119425997
matharena,clip05,eeb045059a2a26bd,0.03951684427323789
matharena,clip05,f1f11460a4d1c982,0.027542085966526315
matharena,clip10,06b59c1099ff58fe,0.02589826358112736
matharena,clip10,074d86b35fb1d1a8,0.008786401275868215
matharena,clip10,0d3cdfaa17162ece,0.038264818022638265
matharena,clip10,121dd6e24cea0035,0.06167149079553372
matharena,clip10,14493326fce24d91,0.01825360101687805
matharena,clip10,148a2a89d25ca27f,0.021896165333153524
matharena,clip10,14907155fa5c9a68,0.0016508427832410749
matharena,clip10,185d370305be8569,0.022329955731287404
matharena,clip10,199e8329c239a47e,0.010917069495782906
matharena,clip10,1b68915e259fb591,0.02378655148086988
matharena,clip10,1d75fb7078078065,0.03704495735574088
matharena,clip10,1f28b3b4d5c1b6ec,0.02135245338751356
matharena,clip10,22d3cf06f53886ef,0.008343053142043047
matharena,clip10,26b6a95c14695819,-0.3185742927634363
matharena,clip10,28616143fb25a8ed,0.019106225272244908
matharena,clip10,2aed35ffea0e5af7,0.033812256254146286
matharena,clip10,2bc5ac31eae04752,0.020300919420096594
matharena,clip10,2d3f056887071294,0.025937548480962143
matharena,clip10,2e062a466351a72e,0.012638194150729816
matharena,clip10,2e3ec58c1dbe25c1,0.02747441685587122
matharena,clip10,318f796e1a246693,0.006369218654859581
matharena,clip10,331c597a90d0b9cf,0.014141910820378238
matharena,clip10,34b16642dc4fa67d,0.03405049716338627
matharena,clip10,380d4187f3135fc7,0.037508730886049745
matharena,clip10,3d0f463cf94c245e,0.014967581873004319
matharena,clip10,3f6b29e1289036a7,0.047393590129913454
matharena,clip10,3ff9d9cd649848b9,0.0674030220480249
matharena,clip10,4053d452dcd26ae8,0.013579324249743013
matharena,clip10,4178c8e8a5d89c7f,0.044626947157944664
matharena,clip10,41a4ee318441f1e8,0.03244949210125567
matharena,clip10,49836050494876d5,0.018797416635089527
matharena,clip10,4c2ef4cff5dda9aa,-3.1244294054073586e-05
matharena,clip10,4dca0f29c7b469ee,0.0518053453684427
matharena,clip10,4f0d9b0296c76f94,0.0389966366559884
matharena,clip10,57d4a315e7a6b2f1,0.03098721395746555
matharena,clip10,5f9e1e109017946b,0.00017071998816198475
matharena,clip10,6607ad3eea624f1d,0.049970031725288536
matharena,clip10,68be37acdde0a6d8,0.0751711203839811
matharena,clip10,6d1a01a8e23f5962,0.03318018434127498
matharena,clip10,6f6bac9dfb3c839a,0.014056002046414093
matharena,clip10,712c96fcbea145ac,0.011817497869212226
matharena,clip10,7215d1384efb8457,0.018776875643617106
matharena,clip10,74d4a2db4ed4fc18,0.05846868307133483
matharena,clip10,77655180e041c26b,0.017209989594652485
matharena,clip10,7806a12917d77c56,0.0033669200613767793
matharena,clip10,78d09c9406ee136e,0.017793007376139303
matharena,clip10,7df73dd95ff13e9f,0.024847458169828567
matharena,clip10,80551ee8e54dbd90,0.013110378260227535
matharena,clip10,806a372cd4757f93,0.023613892417433373
matharena,clip10,81f7b1d460643896,0.00896331473279982
matharena,clip10,82022345c28defe9,0.04305502653865546
matharena,clip10,8aacfebb789f64f3,0.007661167697406526
matharena,clip10,8d879ff74b528320,0.020446777478632504
matharena,clip10,8e89fa570bb7887e,0.017202278806936512
matharena,clip10,932bbb1b52b2ceb8,0.050640223043034976
matharena,clip10,95f9ca3d471cf53a,0.010759334306704095
matharena,clip10,9abd55808c0bc515,0.029213603702711765
matharena,clip10,9b5955403d2a3870,0.019289379908836432
matharena,clip10,9d12a9fe706d0b0c,0.01209327030224057
matharena,clip10,a0aa721c63e87737,0.012486901700116054
matharena,clip10,a194aa8b911232d6,0.012753164068588905
matharena,clip10,a1d62004af574141,0.026788756516646677
matharena,clip10,a2a69af70d1b9be7,0.03928269392422769
matharena,clip10,a36672eb6ab1031f,0.012940229281599649
matharena,clip10,a3799502b96ad0b0,0.036232930189099545
matharena,clip10,ab86d8988c07de98,0.025739804824762458
matharena,clip10,b0c15b775a3043dd,0.012295137178046565
matharena,clip10,b4441d4fdd9132c8,0.019789079868411923
matharena,clip10,b98c730a7df66401,0.03936060578295762
matharena,clip10,bda806333ce39e02,0.03473419667626008
matharena,clip10,c16f033be845f7b0,0.02050438846449918
matharena,clip10,c613f7e339705430,0.003939661682391744
matharena,clip10,cc3cbdc6a46aacb6,0.009666215611556816
matharena,clip10,cecebb5bb280bf15,0.0132657287522927
matharena,clip10,d15ea2a93d461dc4,0.004308956974003437
matharena,clip10,d458a4ab67a3e344,0.05646816744841477
matharena,clip10,dd8a65620f00c3bd,0.04588107278157025
matharena,clip10,e2c3d029c9da94ee,0.04161763067921547
matharena,clip10,e45e266664be8e1f,0.015905019886018883
matharena,clip10,e6f09cb63e790526,0.001533860908258411
matharena,clip10,e9cf57a412da15c9,0.029844903250390617
matharena,clip10,eb7d8ad97da56804,0.012918158502467938
matharena,clip10,ebc88da3435f9dcd,0.02444226002996741
matharena,clip10,ecb653acb1611568,0.025821051874599363
matharena,clip10,edc47272911b1b95,0.013628553134038818
matharena,clip10,ee663f1815098e04,-0.2729030119425997
matharena,clip10,eeb045059a2a26bd,0.03951684427323789
matharena,clip10,f1f11460a4d1c982,0.027542085966526315
matharena,clip20,06b59c1099ff58fe,0.025896407093212413
matharena,clip20,074d86b35fb1d1a8,0.008900941416825535
matharena,clip20,0d3cdfaa17162ece,0.03825715392499083
matharena,clip20,121dd6e24cea0035,0.06167149079553372
matharena,clip20,14493326fce24d91,0.018299415829332078
matharena,clip20,148a2a89d25ca27f,0.021907709436083205
matharena,clip20,14907155fa5c9a68,0.0016508427832410749
matharena,clip20,185d370305be8569,0.023430255885648697
matharena,clip20,199e8329c239a47e,0.011248877171542802
matharena,clip20,1b68915e259fb591,0.02393022670879717
matharena,clip20,1d75fb7078078065,0.03704495735574088
matharena,clip20,1f28b3b4d5c1b6ec,0.021352919553206718
matharena,clip20,22d3cf06f53886ef,0.008427340321144226
matharena,clip20,26b6a95c14695819,-0.3185742927634363
matharena,clip20,28616143fb25a8ed,0.01912633748050367
matharena,clip20,2aed35ffea0e5af7,0.03387729753093318
matharena,clip20,2bc5ac31eae04752,0.020300919420096594
matharena,clip20,2d3f056887071294,0.0258270482910561
matharena,clip20,2e062a466351a72e,0.012615869423795606
matharena,clip20,2e3ec58c1dbe25c1,0.027444782328331887
matharena,clip20,318f796e1a246693,0.006426838851859878
matharena,clip20,331c597a90d0b9cf,0.013499336376473594
matharena,clip20,34b16642dc4fa67d,0.03370025353032214
matharena,clip20,380d4187f3135fc7,0.037508730886049745
matharena,clip20,3d0f463cf94c245e,0.014965965014763665
matharena,clip20,3f6b29e1289036a7,0.047393590129913454
matharena,clip20,3ff9d9cd649848b9,0.0674030220480249
matharena,clip20,4053d452dcd26ae8,0.01374293631262342
matharena,clip20,4178c8e8a5d89c7f,0.044535907895325515
matharena,clip20,41a4ee318441f1e8,0.03244949210125567
matharena,clip20,49836050494876d5,0.018800165515267673
matharena,clip20,4c2ef4cff5dda9aa,-3.1244294054073586e-05
matharena,clip20,4dca0f29c7b469ee,0.05180227842136032
matharena,clip20,4f0d9b0296c76f94,0.03889994161899166
matharena,clip20,57d4a315e7a6b2f1,0.030688271765041318
matharena,clip20,5f9e1e109017946b,0.0006447200985799339
matharena,clip20,6607ad3eea624f1d,0.04997010560943182
matharena,clip20,68be37acdde0a6d8,0.0751711203839811
matharena,clip20,6d1a01a8e23f5962,0.03321621364460916
matharena,clip20,6f6bac9dfb3c839a,0.014089543002765777
matharena,clip20,712c96fcbea145ac,0.011861990250333847
matharena,clip20,7215d1384efb8457,0.018438992396606246
matharena,clip20,74d4a2db4ed4fc18,0.057726779139045954
matharena,clip20,77655180e041c26b,0.017386629521789317
matharena,clip20,7806a12917d77c56,0.002020593711569747
matharena,clip20,78d09c9406ee136e,0.017857630858266745
matharena,clip20,7df73dd95ff13e9f,0.024327611791348833
matharena,clip20,80551ee8e54dbd90,0.01320339049005191
matharena,clip20,806a372cd4757f93,0.023613892417433373
matharena,clip20,81f7b1d460643896,0.009029299441081417
matharena,clip20,82022345c28defe9,0.042818080620537
matharena,clip20,8aacfebb789f64f3,0.007639275890321238
matharena,clip20,8d879ff74b528320,0.02046156931431569
matharena,clip20,8e89fa570bb7887e,0.01722774840215334
matharena,clip20,932bbb1b52b2ceb8,0.050640223043034976
matharena,clip20,95f9ca3d471cf53a,0.010497751706044011
matharena,clip20,9abd55808c0bc515,0.029500590968694472
matharena,clip20,9b5955403d2a3870,0.019305558220724023
matharena,clip20,9d12a9fe706d0b0c,0.01223864868230596
matharena,clip20,a0aa721c63e87737,0.012488121029275136
matharena,clip20,a194aa8b911232d6,0.01260362609629912
matharena,clip20,a1d62004af574141,0.026788756516646677
matharena,clip20,a2a69af70d1b9be7,0.0392859691665547
matharena,clip20,a36672eb6ab1031f,0.013005162036961332
matharena,clip20,a3799502b96ad0b0,0.036232930189099545
matharena,clip20,ab86d8988c07de98,0.02568856352928466
matharena,clip20,b0c15b775a3043dd,0.012373593091525404
matharena,clip20,b4441d4fdd9132c8,0.019809469180161
matharena,clip20,b98c730a7df66401,0.03936060578295762
matharena,clip20,bda806333ce39e02,0.03473366793675303
matharena,clip20,c16f033be845f7b0,0.02050438846449918
matharena,clip20,c613f7e339705430,0.004346640762175029
matharena,clip20,cc3cbdc6a46aacb6,0.009910507789252287
matharena,clip20,cecebb5bb280bf15,0.013143315396236413
matharena,clip20,d15ea2a93d461dc4,0.00656747471062632
matharena,clip20,d458a4ab67a3e344,0.05645999090355272
matharena,clip20,dd8a65620f00c3bd,0.04588095322611798
matharena,clip20,e2c3d029c9da94ee,0.041618106908347684
matharena,clip20,e45e266664be8e1f,0.015523610937308302
matharena,clip20,e6f09cb63e790526,0.0015486293469707002
matharena,clip20,e9cf57a412da15c9,0.02988714495279224
matharena,clip20,eb7d8ad97da56804,0.013315845757760111
matharena,clip20,ebc88da3435f9dcd,0.024436243653485762
matharena,clip20,ecb653acb1611568,0.025821135815931283
matharena,clip20,edc47272911b1b95,0.013723888642973277
matharena,clip20,ee663f1815098e04,-0.27294273317206186
matharena,clip20,eeb045059a2a26bd,0.03696223624435578
matharena,clip20,f1f11460a4d1c982,0.027542085966526315
matharena,snorm05,06b59c1099ff58fe,0.026050980613929468
matharena,snorm05,074d86b35fb1d1a8,0.00886329772126647
matharena,snorm05,0d3cdfaa17162ece,0.03829073578420614
matharena,snorm05,121dd6e24cea0035,0.06241315984428747
matharena,snorm05,14493326fce24d91,0.018289967795096104
matharena,snorm05,148a2a89d25ca27f,0.020893670714018445
matharena,snorm05,14907155fa5c9a68,0.0017987917331343068
matharena,snorm05,185d370305be8569,0.022118377013355856
matharena,snorm05,199e8329c239a47e,0.01090807818002245
matharena,snorm05,1b68915e259fb591,0.02350515537801682
matharena,snorm05,1d75fb7078078065,0.036927870225896955
matharena,snorm05,1f28b3b4d5c1b6ec,0.02137343492324587
matharena,snorm05,22d3cf06f53886ef,0.008328698095370906
matharena,snorm05,26b6a95c14695819,-0.31852818931410415
matharena,snorm05,28616143fb25a8ed,0.01918256007661195
matharena,snorm05,2aed35ffea0e5af7,0.03372599370625775
matharena,snorm05,2bc5ac31eae04752,0.020272843235158832
matharena,snorm05,2d3f056887071294,0.026265961099430885
matharena,snorm05,2e062a466351a72e,0.012440078205651567
matharena,snorm05,2e3ec58c1dbe25c1,0.027586473979246576
matharena,snorm05,318f796e1a246693,0.006281944671731809
matharena,snorm05,331c597a90d0b9cf,0.014074302569450485
matharena,snorm05,34b16642dc4fa67d,0.03448855778771596
matharena,snorm05,380d4187f3135fc7,0.03741120533551387
matharena,snorm05,3d0f463cf94c245e,0.014831478715093063
matharena,snorm05,3f6b29e1289036a7,0.04696424415271902
matharena,snorm05,3ff9d9cd649848b9,0.06921101504838828
matharena,snorm05,4053d452dcd26ae8,0.01359186030471301
matharena,snorm05,4178c8e8a5d89c7f,0.04442388004923142
matharena,snorm05,41a4ee318441f1e8,0.03226692299689858
matharena,snorm05,49836050494876d5,0.01938804103637684
matharena,snorm05,4c2ef4cff5dda9aa,-3.234386444091797e-05
matharena,snorm05,4dca0f29c7b469ee,0.05179055421247743
matharena,snorm05,4f0d9b0296c76f94,0.0390154751188305
matharena,snorm05,57d4a315e7a6b2f1,0.031172397221809974
matharena,snorm05,5f9e1e109017946b,0.00014316762740615552
matharena,snorm05,6607ad3eea624f1d,0.04995028536799404
matharena,snorm05,68be37acdde0a6d8,0.0749208095930885
matharena,snorm05,6d1a01a8e23f5962,0.033188555776711995
matharena,snorm05,6f6bac9dfb3c839a,0.014060796818335218
matharena,snorm05,712c96fcbea145ac,0.011766574516198725
matharena,snorm05,7215d1384efb8457,0.018762125904284582
matharena,snorm05,74d4a2db4ed4fc18,0.05895510566902911
matharena,snorm05,77655180e041c26b,0.01723878172843582
matharena,snorm05,7806a12917d77c56,0.0037064567946855777
matharena,snorm05,78d09c9406ee136e,0.017806971634073604
matharena,snorm05,7df73dd95ff13e9f,0.02525731739079479
matharena,snorm05,80551ee8e54dbd90,0.013081924336408758
matharena,snorm05,806a372cd4757f93,0.023575200618778106
matharena,snorm05,81f7b1d460643896,0.00884335292729414
matharena,snorm05,82022345c28defe9,0.04294721249162295
matharena,snorm05,8aacfebb789f64f3,0.0076437178344131865
matharena,snorm05,8d879ff74b528320,0.020297882716782744
matharena,snorm05,8e89fa570bb7887e,0.017217861325964427
matharena,snorm05,932bbb1b52b2ceb8,0.05054038954401873
matharena,snorm05,95f9ca3d471cf53a,0.01075381308813685
matharena,snorm05,9abd55808c0bc515,0.02917971106349352
matharena,snorm05,9b5955403d2a3870,0.01930891380119966
matharena,snorm05,9d12a9fe706d0b0c,0.01181067900036721
matharena,snorm05,a0aa721c63e87737,0.01219914882490355
matharena,snorm05,a194aa8b911232d6,0.0126490887580051
matharena,snorm05,a1d62004af574141,0.026705966548627034
matharena,snorm05,a2a69af70d1b9be7,0.03768557558941011
matharena,snorm05,a36672eb6ab1031f,0.012977585478068045
matharena,snorm05,a3799502b96ad0b0,0.036218706175774794
matharena,snorm05,ab86d8988c07de98,0.025814306233927616
matharena,snorm05,b0c15b775a3043dd,0.012339610471894094
matharena,snorm05,b4441d4fdd9132c8,0.01976945913992237
matharena,snorm05,b98c730a7df66401,0.039156616267212126
matharena,snorm05,bda806333ce39e02,0.03503717742746273
matharena,snorm05,c16f033be845f7b0,0.020201944499549703
matharena,snorm05,c613f7e339705430,0.003599951378355124
matharena,snorm05,cc3cbdc6a46aacb6,0.009644330828652334
matharena,snorm05,cecebb5bb280bf15,0.013185685831256922
matharena,snorm05,d15ea2a93d461dc4,0.003353999163308572
matharena,snorm05,d458a4ab67a3e344,0.05667264243955748
matharena,snorm05,dd8a65620f00c3bd,0.04708949365975551
matharena,snorm05,e2c3d029c9da94ee,0.04164742015722247
matharena,snorm05,e45e266664be8e1f,0.015891743007274098
matharena,snorm05,e6f09cb63e790526,0.001493081633852067
matharena,snorm05,e9cf57a412da15c9,0.029965353374576356
matharena,snorm05,eb7d8ad97da56804,0.012868804715053446
matharena,snorm05,ebc88da3435f9dcd,0.024505694134615803
matharena,snorm05,ecb653acb1611568,0.026015302497352177
matharena,snorm05,edc47272911b1b95,0.013778924538385912
matharena,snorm05,ee663f1815098e04,-0.27288728952407837
matharena,snorm05,eeb045059a2a26bd,0.0381430188235301
matharena,snorm05,f1f11460a4d1c982,0.02737645881330308
matharena,snorm10,06b59c1099ff58fe,0.026050980613929468
matharena,snorm10,074d86b35fb1d1a8,0.00886329988269987
matharena,snorm10,0d3cdfaa17162ece,0.03829073578420614
matharena,snorm10,121dd6e24cea0035,0.06241315984428747
matharena,snorm10,14493326fce24d91,0.0182899861425381
matharena,snorm10,148a2a89d25ca27f,0.020893670714018445
matharena,snorm10,14907155fa5c9a68,0.0017987917331343068
matharena,snorm10,185d370305be8569,0.022134615153011638
matharena,snorm10,199e8329c239a47e,0.010917070379276061
matharena,snorm10,1b68915e259fb591,0.02350515537801682
matharena,snorm10,1d75fb7078078065,0.036927870225896955
matharena,snorm10,1f28b3b4d5c1b6ec,0.02137343492324587
matharena,snorm10,22d3cf06f53886ef,0.008328698095370906
matharena,snorm10,26b6a95c14695819,-0.31852818931410415
matharena,snorm10,28616143fb25a8ed,0.01919349243305014
matharena,snorm10,2aed35ffea0e5af7,0.03372599370625775
matharena,snorm10,2bc5ac31eae04752,0.020272843235158832
matharena,snorm10,2d3f056887071294,0.02626603170885427
matharena,snorm10,2e062a466351a72e,0.012440078205651567
matharena,snorm10,2e3ec58c1dbe25c1,0.02759717350791713
matharena,snorm10,318f796e1a246693,0.006282024516283693
matharena,snorm10,331c597a90d0b9cf,0.01407366259169044
matharena,snorm10,34b16642dc4fa67d,0.03448855778771596
matharena,snorm10,380d4187f3135fc7,0.03741120533551387
matharena,snorm10,3d0f463cf94c245e,0.014831478715093063
matharena,snorm10,3f6b29e1289036a7,0.04696424415271902
matharena,snorm10,3ff9d9cd649848b9,0.06921101504838828
matharena,snorm10,4053d452dcd26ae8,0.01359186030471301
matharena,snorm10,4178c8e8a5d89c7f,0.04442388004923142
matharena,snorm10,41a4ee318441f1e8,0.03226692299689858
matharena,snorm10,49836050494876d5,0.01938598343194399
matharena,snorm10,4c2ef4cff5dda9aa,-3.234386444091797e-05
matharena,snorm10,4dca0f29c7b469ee,0.05179055421247743
matharena,snorm10,4f0d9b0296c76f94,0.0390154751188305
matharena,snorm10,57d4a315e7a6b2f1,0.031172397221809974
matharena,snorm10,5f9e1e109017946b,0.00014372064901499337
matharena,snorm10,6607ad3eea624f1d,0.04995028536799404
matharena,snorm10,68be37acdde0a6d8,0.0749208095930885
matharena,snorm10,6d1a01a8e23f5962,0.033188555776711995
matharena,snorm10,6f6bac9dfb3c839a,0.014060796818335218
matharena,snorm10,712c96fcbea145ac,0.011767806691512016
matharena,snorm10,7215d1384efb8457,0.01877944179129052
matharena,snorm10,74d4a2db4ed4fc18,0.05895510566902911
matharena,snorm10,77655180e041c26b,0.017230823376652233
matharena,snorm10,7806a12917d77c56,0.0040250594399707
matharena,snorm10,78d09c9406ee136e,0.017806971634073604
matharena,snorm10,7df73dd95ff13e9f,0.025256968183556314
matharena,snorm10,80551ee8e54dbd90,0.013086532021649444
matharena,snorm10,806a372cd4757f93,0.023575200618778106
matharena,snorm10,81f7b1d460643896,0.008850895893005816
matharena,snorm10,82022345c28defe9,0.04294721249162295
matharena,snorm10,8aacfebb789f64f3,0.0076437178344131865
matharena,snorm10,8d879ff74b528320,0.020297882716782744
matharena,snorm10,8e89fa570bb7887e,0.017217861325964427
matharena,snorm10,932bbb1b52b2ceb8,0.05054038954401873
matharena,snorm10,95f9ca3d471cf53a,0.01076743652541079
matharena,snorm10,9abd55808c0bc515,0.02917971106349352
matharena,snorm10,9b5955403d2a3870,0.01930891380119966
matharena,snorm10,9d12a9fe706d0b0c,0.011805053583433318
matharena,snorm10,a0aa721c63e87737,0.01219914930691194
matharena,snorm10,a194aa8b911232d6,0.0126490887580051
matharena,snorm10,a1d62004af574141,0.026705966548627034
matharena,snorm10,a2a69af70d1b9be7,0.03768557558941011
matharena,snorm10,a36672eb6ab1031f,0.012977738645929729
matharena,snorm10,a3799502b96ad0b0,0.036218706175774794
matharena,snorm10,ab86d8988c07de98,0.025814306233927616
matharena,snorm10,b0c15b775a3043dd,0.012339610471894094
matharena,snorm10,b4441d4fdd9132c8,0.01976945913992237
matharena,snorm10,b98c730a7df66401,0.039156616267212126
matharena,snorm10,bda806333ce39e02,0.03503717742746273
matharena,snorm10,c16f033be845f7b0,0.020201944499549703
matharena,snorm10,c613f7e339705430,0.003804275724794108
matharena,snorm10,cc3cbdc6a46aacb6,0.009644000563964998
matharena,snorm10,cecebb5bb280bf15,0.0131846860251353
matharena,snorm10,d15ea2a93d461dc4,0.003600185662228974
matharena,snorm10,d458a4ab67a3e344,0.05667264243955748
matharena,snorm10,dd8a65620f00c3bd,0.04708949365975551
matharena,snorm10,e2c3d029c9da94ee,0.04164742015722247
matharena,snorm10,e45e266664be8e1f,0.01589170846016167
matharena,snorm10,e6f09cb63e790526,0.001493081633852067
matharena,snorm10,e9cf57a412da15c9,0.029965353374576356
matharena,snorm10,eb7d8ad97da56804,0.01296475289156909
matharena,snorm10,ebc88da3435f9dcd,0.024505694134615803
matharena,snorm10,ecb653acb1611568,0.026015302497352177
matharena,snorm10,edc47272911b1b95,0.013778926399167536
matharena,snorm10,ee663f1815098e04,-0.27288728952407837
matharena,snorm10,eeb045059a2a26bd,0.0381430188235301
matharena,snorm10,f1f11460a4d1c982,0.02737645881330308
